id;Name_EN;Name_SA;Website;Rega_license;Headquarters;Number_of_employees;Sales_office_Gmaps;Cities
100000;Retal Urban Development Company;شركة رتال للتطوير العمراني;https://retal.com.sa/;364;Al-Khobar, Saudi Arabia;1001-5000;https://maps.app.goo.gl/Mm3yPZMsEuvE6Xpk8;Riyadh, Jeddah, Khobar, Dammam, Hofuf, Qatif
200000;Dar Al Majid Real Estate Company;شركة دار الماجد العقارية;https://almajdiah.com/;504;Riyadh, Saudi Arabia;;https://maps.app.goo.gl/PFskxXCFipiFT5Qt5;Riyadh, Jeddah, Medina
300000;First Projects Company Limited;شركة المشاريع الأولى المحدودة;https://almashria.com/en/homev1/;1359;Riyadh, Saudi Arabia;51-200;https://maps.app.goo.gl/zPNwrBN3R7w9kCvE6;Riyadh
400000;Osus Real Estate Company;شركة اسس العقار;https://osus.com.sa/;476;Dammam, Saudi Arabia;201-500;https://maps.app.goo.gl/R2TmJrKy8qD6rqbVA;Riyadh
500000;Al Ramz Real Estate Company;شركة الرمز للعقار;https://alramzre.com/en/;1480;Riyadh, Saudi Arabia;288;https://maps.app.goo.gl/4ARtHLLKRM5FU9z78;Riyadh, Jeddah, Khobar, Dammam, Buraydah
600000;Dar Al Arkan Real Estate Development Company;شركة دار الاركان للتطوير العقاري;https://www.daralarkan.com/city/riyadh/;;Riyadh, Saudi Arabia;1001-5000;https://maps.app.goo.gl/oYdQApDNndozwiR27;Riyadh, Jeddah, Makkah, Medina, Qassim
700000;National Housing Company;الشركة الوطنية للاسكان ;https://nhc.sa/en/;1276;Riyadh, Saudi Arabia;501-1000;https://maps.app.goo.gl/9xHXgb42kpYKvhGP8;Riaydh, Jeddah, Makkah, Tabuk, Medina, Eastern region
800000;Saudi Real Estate Company (Al Akaria);الشركة العقارية السعودية;https://www.al-akaria.com/en/;571;Riyadh, Saudi Arabia;5001-10000;https://maps.app.goo.gl/VGyYtrJGUtL6mdeX8;Riyadh, Jeddah
900000;Sumou Real Estate Company;شركة سمو العقارية ;https://sumou.com.sa/homepage-en/;1431;Al-Khobar, Saudi Arabia;51-200;https://maps.app.goo.gl/5jp98vpXAqEuK8nS6;Riyadh, Jeddah, Khobar, Makkah, Dammam
1000000;Emaar The Economic City;;https://www.kaec.net/about/;;King Abdullah Economic City, Saudi Arabia;201-500;https://maps.app.goo.gl/TmovNpxSSdMEbeH1A;
1100000;Safa Investment Company;شركة صفا للاستثمار;https://safainv.sa/;1571;Riyadh, Saudi Arabia;51-200;https://maps.app.goo.gl/1HXKTh3aeS9qrXdt7;Riyadh, Jeddah, Madinah, Qassim
1200000;Erth Real Estate Development Company;شركة ارث للتطوير العقاري;https://erth.sa/;;;;https://maps.app.goo.gl/XsYkM34xWgWj1xP87;Riyadh, Jeddah, Makkah, Dammam
1300000;Mohammed Abdulaziz Al Habib & Partners Real Estate Investment Company;شركة محمد عبدالعزيز الحبيب وشركاؤه للاستثمار العقاري;https://www.alhabibinv.com/residentialprojects/en;548;Al-Qassim, Saudi Arabia;;https://maps.app.goo.gl/4sGwzeTUzBPw5kxt5;Riyadh, Jeddah
1400000;Mohammed and Musab Abdullah Al-Ajlan Investment Company;شركة محمد ومصعب عبدالله العجلان الاستثمارية شر;https://alajlaninvest.com/;1423;Riyadh, Saudi Arabia;;https://maps.app.goo.gl/m9mmqYu4eoPf9ACe6;
1500000;Zood Al Oula Real Estate Company;شركة زود الاولى العقارية;https://zood.sa/info;1338;Riyadh, Saudi Arabia;201-500;https://maps.app.goo.gl/vphfXYjrprJ6QysQ6;Riyadh
1600000;Sameem Najd Real Estate Establishment;مؤسسة صميم نجد للعقارات;https://www.sameem.sa/;1717;Riyadh, Saudi Arabia;;https://maps.app.goo.gl/5BhauPWQwKA9YEWY6;Riyadh
1700000;Alsoliman Real Estate Company;شركة السليمان العقارية;https://alsoliman.com.sa/en/about-us;1573;Riyadh, Saudi Arabia;51-200;https://maps.app.goo.gl/w7P5jpprrkXTbpJVA;Riyadh, Dhahran, Medina
1800000;Mabanee;;https://www.mabanee.com/en;;Rabia, Kuwait;201-500;https://maps.app.goo.gl/aFvuw2XtTsoijQhn8;Riaydh, Khobar
1900000;RAFAL Real Estate Development Company;;https://rafal.com.sa/en/;;Riyadh, Saudi Arabia;201-500;https://maps.app.goo.gl/cErxE5y9HtqWfiTJA;Riyadh
2000000;Aleen Real Estate;ألين العقارية ;https://www.aleen.sa/en;;Riyadh, Saudi Arabia;11-50;https://maps.app.goo.gl/QwbkBpH2wC4UTRSb9;Riyadh
2100000;Dar Global Holdings Real Estate Company;شركة دار قلوبال هولدينجز العقارية;https://darglobal.co.uk/;1468;Riyadh, Saudi Arabia;201-500;https://maps.app.goo.gl/3iUJ5XaNqUiYN3TL9;Riyadh, Jeddah
2200000;Liwan Real Estate Development Company;شركة ليوان للتطوير العقاري;https://www.liwan.sa/en;799;Riyadh, Saudi Arabia;11-50;https://maps.app.goo.gl/pv5AdadN6dJ7kxfr6;Riyadh
2300000;Jadwa Al-Basateen Real Estate Company;شركة جدوى البساتين للعقارات شر;https://albasateen.com.sa/;505;Riyadh, Saudi Arabia;;https://maps.app.goo.gl/xL77euGLn9WFcBej8;Riyadh
2400000;Tazayud Real Estate Company;شركة تزايد العقارية شر;https://www.tazayud.sa/en;954;Eastern;51-200;https://maps.app.goo.gl/KSnBV69su4hRB6kK7;Riyadh, Khobar, Dammam
2500000;Al-Awali Real Estate Company;شركة العوالي العقارية ;https://www.alawaly.sa/#projects;1244;Jeddah, Saudi Arabia;51-200;https://maps.app.goo.gl/RRJFQST1xbupRQa89;Riyadh, Jeddah, Makkah
2600000;Abdul Aziz Hamad Al-Adwan Real Estate Development Company;شركة عبد العزيز حمد العدوان للتطوير العقاري;https://www.aladwan.com.sa/projects;1481;Riyadh, Saudi Arabia;;https://maps.app.goo.gl/pguros7QJYh8TFMP9;Riaydh, Makkah, Al Kharj
2700000;Mobtakeron Real Estate Company;شركة مبتكرون العقارية;https://mobtakeron.com.sa/projects/thecurvesresidence/;1724;Riyadh, Saudi Arabia;51-200;https://maps.app.goo.gl/ZxYB2NPXgWL26DRE9;Riyadh
2800000;Esnam Real Estate Company;شركة اسنام العقارية;https://www.esnam-sa.com/;1552;Riyadh, Saudi Arabia;;https://maps.app.goo.gl/hKy3npHGiEw9PFbm6;Riyadh
2900000;Dar Al Ezz Real Estate Company;شركة دار العز للعقار;https://www.dar-alezz.com/projects/;1021;Jeddah, Saudi Arabia;201-500;https://maps.app.goo.gl/Aktq4x3wrJvuQGJW9;Riyadh
3000000;Jewar Arabia Real Estate Company;شركة جوار العربية العقارية;https://www.jewarsa.com/projects;1698;Al-Khobar, Saudi Arabia;11-50;https://maps.app.goo.gl/VcHAGqGNFbSBpA7y8;Riyadh, Al Khobar
3100000;Horses Architecture;;https://www.horse-arch.com/jood5;;;;https://maps.app.goo.gl/k2MxszNfVVg9BXMS6;Riaydh
3200000;Aswar Al-Hada Real Estate Development;شركة اسوار الهدا للتطوير العقاري;https://aswaralhada.sa/en/;1041;Riyadh, Saudi Arabia;;https://maps.app.goo.gl/akHYKxwpKggK5aDe9;Riyadh
3300000;Investor's visions company;شركة رؤية المستثمر للإستثمار;https://investorsvisions.com/en/projects/the-palms-residential-towers/;1155;Riyadh, Saudi Arabia;;https://maps.app.goo.gl/HkqUhJwDXCvUu8Z9A;Riyadh
3400000;Al Thaniyah Real Estate Development Company;شركة الثنية للتطوير العقاري ;https://althinyah.com/;1660;Riyadh, Saudi Arabia;;;Riyadh
3500000;Alei Al Qemma;;;;;;;
3600000;Ibrahim Al-Qahtani Real Estate Company;شركة ابراهيم القحطاني العقارية شر;https://iqre.sa/en/;695;Riyadh, Saudi Arabia;;https://maps.app.goo.gl/cYBJ7kapv4BM7Ksa9;
3700000;Malfa (Wabeel) Real Estate;;;;;;;
3800000;Four Directions Global Trading Company;الجهات الاربعة العالمية التجارية;https://saudi4d.com/en;1452;Riyadh, Saudi Arabia;11-50;https://maps.app.goo.gl/abybmpRPQxgagcUn8;Riyadh, Jazan
3900000;Naya Najd Real Estate Development Company;شركة نايا نجد للتطوير العقاري ;https://nayarealty.marketplace.goatar.com/en;1482;Riyadh, Saudi Arabia;;;
4000000;Anan Real Estate Company;شركة عنان العقار;https://www.anan.com.sa/about;402;Riyadh, Saudi Arabia;201-500;https://maps.app.goo.gl/e9nJ6NLymCSamdGNA;Riyadh, Jeddah, Makkah, Unaizah, Qatif, Medina, Tabuk
4100000;Urubah Investment Company;برج عروبة;https://urubah.sa/en/;1477;Riyadh, Saudi Arabia;;https://maps.app.goo.gl/CmXxaxQn9smqQKGQ9;Riyadh
4200000;Samd Real Estate Development and Investment Company;شركة صمد للتطوير والاستثمار العقاري;;1866;Riyadh, Saudi Arabia;;;
4300000;Abdulmohsen Al-Rusaiss & Sons Group Company;شركة مجموعة عبدالمحسن الرصيص ;https://alrossais.com/;1855;Riyadh, Saudi Arabia;201-500;https://maps.app.goo.gl/ZnfATkP17v87JaVp6;Riyadh
4400000;Haden;هادن;https://www.haden.com.sa/;;Riyadh, Saudi Arabia;51-200;https://maps.app.goo.gl/ruVHaoLe3u81GejN8;
4500000;Shurfa Al Masaken Real Estate Services Company;شركة شرفة المسكن للخدمات العقارية;https://calma.sa/;1587;Riyadh, Saudi Arabia;;https://maps.app.goo.gl/oM78c5DupTv1cQ5S9;Riyadh
4600000;Wathbah Investment;وثبة للاستثمار;https://wathbah.sa/en/;1694;Riyadh, Saudi Arabia;11-50;https://maps.app.goo.gl/o2tygWDA4pem46hPA;Riaydh
4700000;Mena Real Estate Development and Investment Company;شركة مينا للتطوير والاستثمار العقاري;https://menaco.sa/;851;Riyadh, Saudi Arabia;;https://maps.app.goo.gl/CXWzdpnHqoU7HAnk8;Riaydh
4800000;Wakan Real Estate Development and Investment Company;شركة وكن للتطوير والاستثمار العقاري;https://wakan.sa/;1561;Riyadh, Saudi Arabia;;https://maps.app.goo.gl/pFpfQvGGAHfPjDcp7;Riyadh, Dammam
4900000;Al Diyar Al Arabiya Real Estate Development Company;شركة الديار العربية للتطوير ;https://arabiandyar.sa/en/;443;Jeddah, Saudi Arabia;201-500;https://maps.app.goo.gl/C1ykMN1U8feWsoJWA;Riyadh, Jeddah, Makkah
5000000;ROSHN Group Company;شركة مجموعة روشن شركة ;https://www.roshn.sa/;382;Riyadh, Saudi Arabia;1001-5000;https://maps.app.goo.gl/d6JemCgTF6rT24o88;
5100000;Red Sea Real Estate Company;شركة البحر الأحمر العقارية ;https://redseaintl.com/;1360;;10001+;https://maps.app.goo.gl/4oLBdi8VFYzMQpYK9;
5200000;View United Real Estate Development Company;شركة فيوالمتحدة للتطوير العقاري;https://view.sa/;1387;Riyadh, Saudi Arabia;51-200;https://maps.app.goo.gl/Jgwv3eSDxV75hKJD6;
5300000;Al-Aqtar Real Estate Development Company;شركة الأقطار للتطوير العقاري;https://alaqtar.com/projects;829;Riyadh, Saudi Arabia;201-500;https://maps.app.goo.gl/rvKTjQzNox7uPuBS6;Buraidah
5400000;Hamad Mohammed Bin Saeedan Real Estate Company;شركة حمد محمد بن سعيدان العقارية شر;https://h-saedan.sa/;1326;Riyadh, Saudi Arabia;11-50;https://maps.app.goo.gl/eux2YdxrTKJvZ5NA9;Riyadh, Jeddah, Tuwaiq
5500000;Majd Real Estate Development Company;شركة مجد للتطوير العقاري;https://mjdksa.com/en/home-2/;1422;Riyadh, Saudi Arabia;;;Riyadh, Qassim
5600000;Tilal Real Estate Company;شركة تلال العقارية;https://tilalre.com/;426;Al-Khobar, Saudi Arabia;51-200;https://maps.app.goo.gl/9VBbouurMiqeeGop9;Riyadh, Madinah, Qatif, Dammam, Qamra, Al Mukaimen
5700000;Al Khoyool Arabia Real Estate Development Company;شركة خيال العربية للتطوير العقاري;https://alkhoyool.com/en/projects/;1411;Riyadh, Saudi Arabia;51-200;https://maps.app.goo.gl/DnY6bZVQepuFUp3z5;Riyadh
5800000;Damac Properties Limited;شركه داماك العقارية المحدودة;https://www.damacproperties.com/ar/;1755;Riyadh, Saudi Arabia;1001-5000;https://maps.app.goo.gl/fxYdyA11yW6Ekw3T7;
5900000;Tiraz Real Estate Company;شركة طراز العقارية;https://tiraz.com.sa/;1560;Riyadh, Saudi Arabia;;https://maps.app.goo.gl/bxUqg4TKz7CdtmdL9;Riyadh
6000000;Al Diriyah Company;شركة الدرعية شر;https://www.diriyahcompany.sa/ar;946;Riyadh, Saudi Arabia;1001-5000;https://maps.app.goo.gl/3SdMya5ANRrDGh958;
6100000;Arabian Centres Co. (Cenomi);;https://centers.cenomi.com/sa-en/;;;501-1000;https://maps.app.goo.gl/ipEdGS2x3VnFtGC18;
6200000;Asas Makeen Real Estate Development and Investment Company;شركة أساس مكين للتطوير والاستثمار العقاري;https://asasmakeen.com/en;1566;Riyadh, Saudi Arabia;201-500;https://maps.app.goo.gl/L6TWqd7qhiyF4QFYA;Riyadh
6300000;Abdul Rahman Saad Al-Rashed & Sons Holding Company;شركة عبدالرحمن سعد الراشد واولاده القابضة ;https://www.artar.com.sa/ar/home;403;Riyadh, Saudi Arabia;5001-10000;https://maps.app.goo.gl/PNQ5havCWfhC4CfX6;
6400000;Ajdan Real Estate Development Company;شركة أجدان للتطوير العقاري;https://www.ajdan.com/;566;Al-Khobar, Saudi Arabia;51-200;;
6500000;Al-Mahmal Real Estate Company;شركة المحمل العقارية;https://mahmal.sa/;1879;Riyadh, Saudi Arabia;51-200;https://maps.app.goo.gl/YUa6KH3jkhU9LT7q8;
6600000;Al Narjis Suburb Real Estate Development and Investment Company;شركة ضاحية النرجس للتطوير والاستثمار العقاري;;753;Riyadh, Saudi Arabia;;;
6700000;A-Con Limited;شركة أي كون المحدودة;https://iconltd.sa/;1790;Riyadh, Saudi Arabia;;https://maps.app.goo.gl/LWYjanMk2a5tZvjq8;
6800000;Abyatona Development Contracting Company;شركة ابياتنا التطويرية;https://abyatona.com/ar/الرئيسية/;1538;Riyadh, Saudi Arabia;4200;https://maps.app.goo.gl/ofq5x5NnWEJgMXxw9;
6900000;Aknan Elbenaa Real Estate Development Company;شركة اكنان البناء للتطوير العقاري شر;https://aknanelbena.com/;1549;Riyadh, Saudi Arabia;11-50;https://maps.app.goo.gl/9S7QyrfsYa9iHhvw7;
7000000;Al Saedan Real Estate Company;شركة آل سعيدان للعقارات;https://www.alsaedan.com/;1679;Riyadh, Saudi Arabia;51-200;https://maps.app.goo.gl/vdKBYEUow9oei4Z26;
7100000;Al-Amiriya Real Estate Development Company;شركة العامرية للتطوير العقاري ;;1815;Riyadh, Saudi Arabia;;;
7200000;Al-Dhiab Company;شركة الذياب;;1374;Riyadh, Saudi Arabia;;;
7300000;Al-Maskan Al Masheed Real Estate Development and Investment Company;شركة المسكن المشيد للتطوير والاستثمار العقاري;https://masheedre.sa/;1510;Riyadh, Saudi Arabia;11-50;https://maps.app.goo.gl/XJFokzbPfzoyxCJV8;
7400000;Al-Omar Investment Company;شركة العمر للاستثمار شر;https://alomarinvestment.com/;1467;Al Majma'ah, Saudi Arabia;;https://maps.app.goo.gl/Dbgh2dknVTwEYTmc6;
7500000;Al-Qadisiyah First Real Estate Company;شركة القادسية الاولى العقارية;https://rakaiaestate.com/en/;1483;Riyadh, Saudi Arabia;;https://maps.app.goo.gl/BVHqyWvQpHUsNzmx8;
7600000;Al-Raim International Company (Araco);شركة الرائم العالمية;https://araco.sa/;381;Jeddah, Saudi Arabia;;;
7700000;Al-Rosan Contracting Company;شركة الروسان للمقاولات;https://alrosan.com.sa/;1000;Riyadh, Saudi Arabia;501-1000;https://maps.app.goo.gl/7Ffnmx3uESJWmrVU7;
7800000;Al-Sumoud Real Estate Development Company;شركة الصمود للتطوير العقاري;https://sumood.co/lander?oref=https%3A%2F%2Fwww.google.com%2F;1859;Riyadh, Saudi Arabia;11-50;https://maps.app.goo.gl/zk5Ng7aHA2aLgVTT8;
7900000;Al-Tahalluf Real Estate Company;شركة التحالف العقاري شر;https://al-tahaluf.com/partnership-ar/;1004;Riyadh, Saudi Arabia;51-200;https://maps.app.goo.gl/QFooxQae6bUZafKh6;
8000000;Olou Real Estate Company;شركة علو العقارية;https://ioluo.com/;1713;Riyadh, Saudi Arabia;11-50;https://maps.app.goo.gl/V43c9D57JR7kk9pQ6;
8100000;Enbar Real Estate Development and Investment Company;شركة إنبار للتطوير والاستثمار العقاري;https://enbarre.com/;1588;Riyadh, Saudi Arabia;11-50;;
8200000;Arjan Architectural Real Estate Company;شركة ارجان المعمارية العقارية شر;https://arjanarch.sa/projects/;1493;Riyadh, Saudi Arabia;51-200;https://maps.app.goo.gl/sngHcrKYFCRSB8m56;
8300000;Arweqah Investment and Development Company;شركة أروقة للاستثمار والتطوير;https://arweqah.com.sa/;453;Eastern;51-200;https://maps.app.goo.gl/A73trw5tQVGKTDWD9;
8400000;Asas Diaar Real Estate Company;شركة أساس ديار العقارية شر;https://diaar.sa/;1509;Riyadh, Saudi Arabia;51-200;https://maps.app.goo.gl/JAavALACsXnFPnrD9;
8500000;BDA Real Estate Company;شركة بدء العقارية;https://bda.com.sa/ar;1099;Riyadh, Saudi Arabia;201-500;https://maps.app.goo.gl/jLuyiiguyU1FdgCH9;
8600000;Baytna Real Estate Development and Investment Company;شركة بيتنا للتطوير والاستثمار العقاري;https://ourhouseksa.com/, https://betna.sa/en/our-projects-en/;1807;Riyadh, Saudi Arabia;;https://maps.app.goo.gl/bvhEfTUU2gqYfPfz5;
8700000;Tatweer Al Shamel Real Estate Development Company;شركة التطوير الشامل للتطوير العقاري;https://tatwirco.sa/;820;Jeddah, Saudi Arabia;;https://maps.app.goo.gl/BhC72UW28s3pBbwe7;
8800000;Dana Al Qadisiyah Real Estate Development and Investment Company;شركة دانة القادسية للتطوير والاستثمار العقاري;https://www.danah.com.sa/;1574;Mecca, Saudi Arabia;;https://maps.app.goo.gl/n8xVVt8BMqnC8oU87;
8900000;Dar Bayat Real Estate Development and Investment Company;شركة دار بيات للتطوير والاستثمار العقاري;https://darbayat.sa/;1495;Riyadh, Saudi Arabia;11-50;https://maps.app.goo.gl/UesASgmVGXQ6oBRQ7;
9000000;Dar Wa Emaar Investment and Real Estate Development Company;سرايا الفرسان المرحلة الثانية;https://darwaemaar.com/;413;Al-Khobar, Saudi Arabia;201-500;https://maps.app.goo.gl/Aehy1Wsh4Pm1Lema9;
9100000;Diyar Al Mahra Real Estate Company;شركة ديار المهرة العقارية;;1869;Riyadh, Saudi Arabia;;;
9200000;Economic Homes Contracting Company;شركة البيوت الإقتصادية للمقاولات;https://ehco.com.sa/;823;Riyadh, Saudi Arabia;201-500;https://maps.app.goo.gl/u3ZwQ2H9rCz1chd57;
9300000;Ishraqa Al Tamayuz Real Estate Development Company;شركة اشراقة التميز للتطوير العقاري;https://ishraqa.sa/;982;Riyadh, Saudi Arabia;;https://maps.app.goo.gl/S874yoJXG47h8kDq7;
9400000;Azdan Real Estate Development and Investment Company;شركة ازدان للتطوير والاستثمار العقاري شركة شخص واحد;https://azdan.sa/;1336;Riyadh, Saudi Arabia;51-200;https://maps.app.goo.gl/1H8SZSpMUpeEAUxu5;
9500000;Faisal Bin Abdullah Bin Saeedan Investment and Real Estate Development Company;شركة فيصل بن عبدالله بن سعيدان للاستثمار والتطوير;https://faisal-binsaedan.com/;472;Riyadh, Saudi Arabia;;;
9600000;First Avenue Real Estate Development Company;شركة الجادة الأولى للتطوير العقاري;https://the1stavenue.com.sa/;1201;;51-200;https://maps.app.goo.gl/epMukjfvq83ssACA6;
9700000;Ezdihar Real Estate Development Company;شركة إزدهار للتطوير العقاري;https://www.ezdihar.com/;1712;Riyadh, Saudi Arabia;501-1000;https://maps.app.goo.gl/oZExTSQkZKA8TjPm9;
9800000;Jada Projects Real Estate Development Company;شركة جادة المشاريع للتطوير العقاري;https://jadah.sa/;;;;https://maps.app.goo.gl/LBAk5pNtd3xUFUNF9;
9900000;Maheer Real Estate Company;شركة مهير العقارية;https://maheer.sa/;1697;Riyadh, Saudi Arabia;11-50;;
10000000;Masaken View General Contracting Company;شركة مساكن فيو للمقاولات العامة شر;https://masaken-ksa.com/;1658;Riyadh, Saudi Arabia;;https://maps.app.goo.gl/EJ1cBBzjnk52gKvx5;
10100000;Najd Construction Company for Real Estate Development and Investment;شركة تشييد نجد للتطوير والاستثمار العقاري;https://tshied.com/en/;1029;Riyadh, Saudi Arabia;;;
10200000;Njoom Al Slam Investment and Real Estate Development Company;شركة نجوم السلام للاستثمار والتطوير العقاري شر;https://nag.com.sa/;1544;Riyadh, Saudi Arabia;;https://maps.app.goo.gl/FnrGUiRwoxM9PK4R7;
10300000;Nawaif Al-Asima Real Estate Development and Investment Company;شركة نوايف العاصمة للتطوير والاستثمار العقاري شر;;1637;Riyadh, Saudi Arabia;;https://maps.app.goo.gl/8reUyd4es69giajd7;
10400000;Rakaia Al Shamal Real Estate Development Company;شركة ركايا الشمال للتطوير العقاري ;https://rakaiaestate.com/;1741;Riyadh, Saudi Arabia;;https://maps.app.goo.gl/ji64ZQM2eMuzty419;
10500000;Rsan Real Estate Development Company;شركة رسن الإعمار العقارية;https://rsan-sa.com/;1715;Riyadh, Saudi Arabia;;https://maps.app.goo.gl/YMfFuCqw4eUJNoYFA;
10600000;Details Construction Real Estate Company;شركة تفاصيل البناء العقارية شر;https://details-re.com/en/;837;Riyadh, Saudi Arabia;;;
10700000;Reportage Real Estate;شركة ريبورتاج العقارية شر;https://reportageksa.com/ar/home;1191;Riyadh, Saudi Arabia;11-50;https://maps.app.goo.gl/zzvzQC3pS2cYxgse9;
10800000;Riymar Real Estate Company;شركة ريمار العقارية;https://riymar.sa/;;;201-500;https://maps.app.goo.gl/VD99rNnAqgtxqb516;
10900000;Mabani Ar Riyadh Al Aqaria Company;شركة مباني الرياض العقارية;;1675;Riyadh, Saudi Arabia;;;
11000000;Sak Real Estate Company;شركة صك العقارية شر;https://sak-sa.com/;1786;Riyadh, Saudi Arabia;;;
11100000;Talaat Moustafa Group Saudi Arabia Real Estate Development Company;شركة مجموعة طلعت مصطفى السعودية للتطوير العقاري;https://talaatmoustafa.sa/ar;1379;Riyadh, Saudi Arabia;;https://maps.app.goo.gl/Mn8scqHxGvX9am6k8;
11200000;Tajamouat Real Estate Development Company (Clusters);شركة تجمعات للتطوير العقاري;http://www.clusters.sa;1609;Riyadh, Saudi Arabia;501-1000;;
11300000;Tam Construction Real Estate Company;شركة تام التشييد العقارية;https://tamre.sa/ar/;1826;Riyadh, Saudi Arabia;51-200;https://maps.app.goo.gl/WM1SW1opjkqW9i589;
11400000;Thabat Al-Maskan Real Estate Company;شركة ثبات المسكن العقارية شر;https://thabatre.sa/;1263;Riyadh, Saudi Arabia;;https://maps.app.goo.gl/ncgPE4Vs3uyosRaWA;
11500000;Dharwah Real Estate Company;شركة ذروة العقارية;https://dharwah.com/;1184;Riyadh, Saudi Arabia;;https://maps.app.goo.gl/UFxySDxoturBrsd59;
11600000;Wahadat Real Estate Company;شركة تطبيق وحدات للاستثمار;https://wahadat.sa/;1845;Riyadh, Saudi Arabia;;https://maps.app.goo.gl/HPukEkAzF2Aishpc8;
11700000;Wabl Architecture Company for Real Estate Development and Investment;شركة وبيل العمارة للتطوير والاستثمار العقاري;https://wabl.sa/;1516;Al-Kharj, Saudi Arabia;;https://maps.app.goo.gl/8BfbA1AgWKdnLaAa7;
11800000;Weejad United Real Estate Company;شركة وجاد المتحدة العقارية;https://weejad.sa/;1539;Riyadh, Saudi Arabia;;https://maps.app.goo.gl/KAfWRPqfiz6VRQ7k8;
11900000;Wareef Real Estate Development and Investment Company;شركة وريف للتطوير والاستثمار العقاري;https://wareef-estate.com/;43;Riyadh, Saudi Arabia;;https://maps.app.goo.gl/TRRhWvB5jHT5hsKq7;
12000000;Thahab Real Estate Development Company;شركة ذهب للتطوير العقاري;https://www.thahab.sa/;589;;;https://maps.app.goo.gl/YoGKUJpHqUy8GWBU6;
12100000;Joud Al Emara Real Estate Development and Investment Company;شركة جود العماره للتطوير والاستثمار العقاري;https://aljoudrealestate.com/en/home-en/;1120;Riyadh, Saudi Arabia;;;
12200000;Magna;;https://www.magna.com.sa/%d9%85%d8%ba%d9%86%d9%89-%d9%84%d9%84%d9%85%d8%b4%d8%a7%d8%b1%d9%8a%d8%b9-%d8%a7%d9%84%d8%b9%d9%82%d8%a7%d8%b1%d9%8a%d8%a9-%d8%a7%d9%84%d8%b3%d9%83%d9%86%d9%8a%d8%a9/;;;;;
12300000;Shurfah (Sayl);;https://shurfah.com.sa/;;;;;
12400000;Khawalid;;https://khawalid.sa/;;;;https://maps.app.goo.gl/cdUzj9xTKy4wkwDs8;
12500000;Sekak (Wathbah Investment);;https://sekak.com/en/;1694;Riyadh, Saudi Arabia;;;
12600000;Nayan;;https://nayan.sa/en;;;;https://maps.app.goo.gl/JKp4Y9Li4HnrcNpF7;
12700000;Argan Casa Real Estate Development Company;;https://alargan.com.sa/en/;;;;https://maps.app.goo.gl/hQhzxAdJ8WVc7snC8;
12800000;Syad;;https://syad.com.sa/en;;;;https://maps.app.goo.gl/Acpo6oD9vtM9R5GAA;
12900000;Al Mozaini;;https://almozaini.sa/en;;;;;
13000000;Rasf Investment Company;شركة رصف للاستثمار;https://www.rasf.sa/;;;;https://maps.app.goo.gl/fsH5DWkT4DX8Umo98;
13100000;Heyazah Real Estate Development;حقوق الملكية حيازه العقارية;https://www.heyazah.com/en;;;;https://maps.app.goo.gl/HckNAAYKhB9K5cCT7;
13200000;Nawaat Investment;شركة نواة للاستثمار;https://nawaat.sa/en;;;;https://maps.app.goo.gl/3ZLHtT8dedQKPyZ29;
13300000;Midad Investment and Real Estate Development;شركة مداد للاستثمار والتطوير العقاري;https://midad.com.sa/en/projects;;Riyadh, Saudi Arabia;501-1000;https://maps.app.goo.gl/s3QQ9bPuMGfZchBN8;Riyadh, Jeddah
