project_id;item_number;block_number;plan_number;Area;GSR;Location_Gmaps;;;;
100001;1062 - 1080;83;3069;19381,0;35%;https://maps.app.goo.gl/VAkambkVSb2htPJy8;Retal Heights;;;
200001;414, 415, 883, 884;41;2593/ج;2719,8;35%;https://maps.app.goo.gl/3MKHJqrzL5z4bdx19;Makanah;;;
300001;2343, 2344;;1863/أب;1800,8;35%;https://maps.app.goo.gl/TofGRgV2vwNifpSo8;First Projects Tower, Al-Sahafa District;;;
300002;144, 145, 146, 147;;1343;3145,0;35%;https://maps.app.goo.gl/3268nEkbEi4r8bMV9;First Projects Tower, Al-Olya District;;;
400001;63, 64;12;3260;103104,0;35%;https://maps.app.goo.gl/3GNLHJkyYccKgVZB8;Osus Eye;;;
4600001;3/2/4/1;;1184/أ;3383,4;35%;https://maps.app.goo.gl/d4BMRT2XDZiakhue8;Thuraya Tower;;;
3600001;2263;;1863/أب;899,5;35%;https://maps.app.goo.gl/QWV1WgDBTuGhavGM6;I-Qube Tower;;;
3700001;2339;;1863/أب;900,0;35%;https://maps.app.goo.gl/bbi4fxWD4J4X6qLQ9;Malfa Tower;;;
2700008;408/4;;1392;1915,5;35%;https://maps.app.goo.gl/tnXYH8gr1EfwAtR7A;Centrina;;;
4300001;;;;7142,8;35%;https://maps.app.goo.gl/yptKk4FzEZcdHAAS7;Centra Tower;;;
4100001;1362;;3114;10772,5;35%;https://maps.app.goo.gl/E8eJRgsoJyEkLpAn7;Urubah Tower;;;
4200001;2299;;1863/أب;814,2;35%;https://maps.app.goo.gl/uKafsVwUSDnxhb387;Summit Tower;;;
2900004;2284, 2285;;2413;4004,6;35%;https://maps.app.goo.gl/GrZsbavvmGifU9SR7;Sufana 5&6;;;
3000001;2369;;1863/أب;806,8;35%;https://maps.app.goo.gl/8SK6ySe9qnGTLC9x7;Rayah Tower;;;
3900001;2399, 2400;;1863/أب;1618,4;35%;https://maps.app.goo.gl/cPEND32D1Pw2ykbg8;Naya Tower;;;
4000001;2367;;1863/أب;806,9;35%;https://maps.app.goo.gl/vvGS6RZntPD2gEHP9;Anan View Tower;;;
4700001;2293;;1863/أب;1397,0;35%;https://maps.app.goo.gl/hhxmWSX5BdrkyGYF9;Mena Rise Tower;;;
4400001;2233;;2413;1998,2;35%;https://maps.app.goo.gl/F9UuzxSPzuWCKr6HA;Horizon Tower;;;
4500001;2379;;1863/أب;918,7;35%;https://maps.app.goo.gl/7pMuN1mg7WqokEoSA;Calma Al Sahafah Tower;;;
1500001;1082/أ/1 ,1082/أ/2;;1863/أب;20033,8;35%;https://maps.app.goo.gl/Qnag8yo3TV1GbGPq8;Lavie Yard;;;
1500002;بدون;;2837;69170,6;35%;https://maps.app.goo.gl/1GYMKHGrhKTbypyd8;Elevee;;;
2200001;39/1, 39/2, 39/3, 39/4, 40/30/29/28/1;;1905;45695,1;35%;https://maps.app.goo.gl/k7eLePJU7pWqaXvV7;Live in Liwan;;;
3400001;2429;;1863/أب;941,5;35%;https://maps.app.goo.gl/jCkwkX6QbMDCF8rr6;Elite Tower;;;
3500001;2440, 2442;;1863/أب;1499,5;35%;https://maps.app.goo.gl/kfatyKfBrKWs26MJ8;V Tower;;;
3200003;2370;;1863/أب;822,6;35%;https://maps.app.goo.gl/aRL5Gce3gaRT8Yh86;Royal Residence 2;;;
2800001;2351;;1863/أب;897,2;35%;https://maps.app.goo.gl/MdP5gqpXayx1vmXm6;Majestic;;;
3800001;402/أ, 403/أ;46;897;1599,7;35%;https://maps.app.goo.gl/7jbAgLXa5DiGJCMx7;Yamama City Center;;;
2500004;2366;;1863/أب;824,6;35%;https://maps.app.goo.gl/9y9Gzv83dnVUp2QY9;Polaris;;;
2800002;2393;;1863/أب;898,2;35%;https://maps.app.goo.gl/PqT2A3VczRXUookd7;Ivory Tower 1;;;
2800003;2403;;1863/أب;770,8;35%;https://maps.app.goo.gl/knKrgF29DWZXYy7J9;Ivory Tower 2;;;
2800004;2404;;1863/أب;847,4;35%;https://maps.app.goo.gl/2X43Qt61qFFNhjPR7;Ivory Tower 3;;;
3100001;2389;;1863/أب;901,4;35%;https://maps.app.goo.gl/u4abbpBkGhY1nyYa7;Jood 3;;;
3100002;2395;;1863/أب;910,9;35%;https://maps.app.goo.gl/2vdomgHQcsc9sNHL9;Jood 4;;;
3100003;2455;;1863/أب;800,3;35%;https://maps.app.goo.gl/ZR7DTjZxwbFcbp7W7;Jood 5;;;
3100004;15;;2593/ج;1800,1;35%;https://maps.app.goo.gl/ZsfXVs8D35U2TmDv9;Jood 6;;;
3100005;2368;;1863/أب;824;35%;https://maps.app.goo.gl/1VoVBMMEZHvzBpi66;Jood 7;;;
3100006;2428;;1863/أب;1073,5;35%;https://maps.app.goo.gl/Na12V4XEesoUATMF6;Jood 8;;;
3100007;2451;;1863/أب;826,1;35%;https://maps.app.goo.gl/yrRdcV4sEvyrN2E16;Jood 9;;;
3200001;2302;;1863/أب;778,1;35%;https://maps.app.goo.gl/b3tBrLDkdaPe7FTy6;Royal Residence 1;;;
2800005;2398;;1863/أب;900;35%;https://maps.app.goo.gl/vHNBmwxMQztaG9bx7;Balconia Tower;;;
2900001;2396;;1863/أب;910;35%;https://maps.app.goo.gl/Nnsf9UU3yfKRvhJv8;Sufana 4;;;
2900002;2383;;1863/أب;900;35%;https://maps.app.goo.gl/VYmH7tuN11h67jyh6;Sufana 3;;;
2900003;2454;;1863/أب;798,3;35%;https://maps.app.goo.gl/kvefnmjSKU4xFuv49;Sufana 2;;;
3200002;2425;;1863/أب;945,8;35%;https://maps.app.goo.gl/zt2VZwskbzLyoCtQ6;Judya;;;
2700001;697, 698;78;1324/ب;1662,8;35%;https://maps.app.goo.gl/LAcb9FdDa8j1u6XD6;Oval;;;
2700002;200/31;;1392;1915,5;35%;https://maps.app.goo.gl/QMJL2gFiUww4jycM6;M Residence Dabab;;;
2700003;;;;901,4;35%;https://maps.app.goo.gl/7GhQr7qR2DiNypmt5;M Residence North;;;
2700004;;;;732;35%;https://maps.app.goo.gl/VAGTm6R8Mhyhvd6p7;M Residence South;;;
2700005;108/7;;1193;2005,9;35%;https://maps.app.goo.gl/zSu1cBQ5g8iNGUHa8;Riyadh Sentral;;;
2700006;419, 420, 888, 889;41;2593/ج;2105,4;35%;https://maps.app.goo.gl/kUrLzLuL4BoueBHcA;Twin Towers;;;
2700007;2281 - 2286;53;1578/ب;4879,6;35%;https://maps.app.goo.gl/qwbC5Ci94qqUz2Lq7;Curves Residence;;;
3300001;1320 - 1324;35;1578/ب;5262,9;35%;https://maps.app.goo.gl/DifeFGjAv9WpT5N6A;Palms Residence Tower;;;
2500001;2235;;2413;2499,5;35%;https://maps.app.goo.gl/MNLvMboBqZvy4Bs98;Alawaly Rise;;;
2500002;2311, 2312;;1863/أب;1620,5;35%;https://maps.app.goo.gl/4bUZT6sQJxZEjW9S8;Alwaly Business Center;;;
2500003;1893 - 1896;;1863/أب;3604,3;35%;https://maps.app.goo.gl/xR2SzVQVdt7hk2bn9;Alawaly Tower;;;
2600001;406 - 409;40;2593/ج;3956,7;35%;https://maps.app.goo.gl/QWVn8XGZvX77hwBC9;Al Adwan Offfice Tower;;;
400002;6 - 12;3;3813;20697,9;;https://maps.app.goo.gl/go263HBNdRdhWa3t6;Osus Prime;;;
400003;4;;3176;37615,5;;https://maps.app.goo.gl/TwpC7XiARtJqGjAr8;Osus Makan;;;
400004;1676/1679;1055;1637/ك;2328,1;;https://maps.app.goo.gl/q863zz1j54jGZ5WZ7;Osus Edge;;;
400005;189 - 192;15;3019;3618,1;35%;https://maps.app.goo.gl/RZ6RBbyAt9gfXLP99;Osus Green Tower;;;
2700009;386 - 391;28;3069;4948,7;35%;https://maps.app.goo.gl/zirc3d46yUCba1UaA;Meem Heights;;;
400006;;;910106060064س/ املعدل;554556;;https://maps.app.goo.gl/tjXB6otJygzXNjNL8;Sajaya by OSUS;;;
1300001;;;;174332;;https://maps.app.goo.gl/aEKyxX8YeuPwKttc6;Eyal Al-Khuzam;;;
1300002;;;;220628;;https://maps.app.goo.gl/1hrj5s57XsUGU9Pz6;Eyal Al Fursan;;;
1300003;;;;;;;Ala Al-Yasmin;;;
1300004;16, 46, 3654;2;4031;128822,2;;https://maps.app.goo.gl/RwBdBm6Y2vVgjemS9;Kaheel;;;
1300005;;;;;;https://maps.app.goo.gl/AyP1qm6rTLmynMHV6;Eyal Al Asala;;;
1300006;;;;238721,8;;https://maps.app.goo.gl/s8abAaEFnEXKGk7n8;Enar;;;
2500004;;;;;;;Andalus Commercial Complex;;;
200002;421;;689;10000,3;;https://maps.app.goo.gl/JBznrtGhK8DDsKA58;Al Majdiah 165;;;
200003;3845/1, 3845/2;;2737;5154,4;60%-75%;https://maps.app.goo.gl/yktTBa85Drivcu216;Al Majdiah 173;;;
200004;;;;;;https://maps.app.goo.gl/XmcduSbuw7gcYatm9;Al-Mashriqiyah 2;;;
200005;2010-2013;;1578/ب;2545,7;60%-75%;https://maps.app.goo.gl/Cwt63ezuWfGvjfmJ7;Al Majdiah 171;;;
200006;787/1, 787/2, 787/4, 787/5;;2113/ب;2216,8;60%-75%;https://maps.app.goo.gl/HxCzA551oH3GujEG9;Al Majdiah 170;;;
200007;627 - 636;66;3057;12561,7;60%-75%;https://maps.app.goo.gl/o6WF5L7hhVHwE2ui6;Al Majdiah 178;;;
200008;;;;;;https://maps.app.goo.gl/ekjyMLJq3ZbhHiHz6;Al-Mashriqiyah 1;;;
200009;5-15;23;3260;16687;60%-75%;https://maps.app.goo.gl/ykfiKjK6BoY19XbHA;Al Majdiah 174;;;
200010;79/1, 81/1, 83/1;;2925;8216;60%;https://maps.app.goo.gl/YkXkasVaRLfDdMfn7;Al Majdiah 166;;;
200011;262 - 269;26;2413;7663,3;60%-75%;https://maps.app.goo.gl/N5PpDmzWVgusvA3GA;Al Majdiah 183;;;
1500003;;;;;;;Opal;;;
4800001;151, 152;203;1324;1540,8;60%;https://maps.app.goo.gl/JQ5TTPsvB2FFRo74A;Wakan 41;;;
4800002;3071 - 3075;;2964;14906,9;;https://maps.app.goo.gl/utXf8shQCYMoTkvm8;Wakan 36;;;
4800003;1333;;2184;744,4;60%-75%;https://maps.app.goo.gl/r4rz1rKFTtkUz4527;Wakan 42;;;
4800004;356, 358, 360, 362, 364, 366, 368, 370;23;3079;2168;60%;https://maps.app.goo.gl/EFHDx589uUPh3Me29;Wakan 038;;;
4800005;357, 359, 361, 363, 365, 367, 369, 371;23;3079;2471,4;60%;https://maps.app.goo.gl/xGyUspudJXu8s5mq9;Wakan 39;;;
4800006;;;;;;https://maps.app.goo.gl/CyEbcGX1mLTe51yQ6;Wakan 46;;;
4800007;1951 - 1956;;1270/د;4874,9;60%-75%;https://maps.app.goo.gl/Yu3NBaSFbM5AD4Do6;Wakan 45;;;
4800008;3001 - 3004;;2964;9992,1;;https://maps.app.goo.gl/NH9wTvwzs3xgB26W8;Wakan 40;;;
1100001;6572 - 6575;278, 280, 281, 293;10107049831/1س/املعدل3;67620,5;;https://maps.app.goo.gl/PC3YwGfrNnFPkCWc8;Safa Al Fursan;;;
1100002;17;;2357;10090,7;60%-75%;https://maps.app.goo.gl/DBYLsNDw7USBgirg9;Safa 78;;;
1100003;60 - 63;6;3359;8829,3;60%-75%;https://maps.app.goo.gl/qcFy9XM4x3ALu1Lv9;Safa 80;;;
1100004;27/28, 29/30, 31/1;8;3236.8;14941,7;60%;https://maps.app.goo.gl/p2bovC7pbmBgRLRG8;Safa 82;;;
100002;;;;301689;;https://maps.app.goo.gl/EW7MJLAHE971XZCG6;Ewan Sedra;;;
100003;;;;296430;;https://maps.app.goo.gl/JqULd2L9UJttWvgb8;Ewan Khuzam;;;
100004;47-4;2;4031;27947,4;;https://maps.app.goo.gl/D9PjG3fCBv97iMrx8;Roya Sedra;;;
100005;;;;155448;;https://maps.app.goo.gl/CAXe4v5pDhZpuvpW7;Nassaj Town Al Fursan;;;
4900001;202, 203;;;5354,8;;https://maps.app.goo.gl/it5cJviCfB9d3cPu6;Dyar Alharam;;;
2000001;818;12;1822/أ;918,7;60%-75%;https://maps.app.goo.gl/ogFjpVrv9ubrzDBX7;Aleen 88;;;
2000002;271;;2040;750,8;60%-75%;https://maps.app.goo.gl/48ddSmaFW6Y5TpYm9;Aleen 90;;;
2000003;22;;1954/د;1048,7;60%-75%;https://maps.app.goo.gl/eGzmjQt5VqtJuqVv6;Aleen 96;;;
2000004;837;;2347;1006,7;60%-75%;https://maps.app.goo.gl/Kw8EqGT9JkK8MKy56;Aleen 102;;;
2000005;1757;;2964;1127,2;60%-75%;https://maps.app.goo.gl/5L4HSMNR8uCF5Uoq9;Aleen 104;;;
2000006;1373;106;2924;1518,7;60%-75%;https://maps.app.goo.gl/L3cpeB6uPo2VgMBGA;Aleen 112;;;
2000007;1133;;209;899,4;60%-75%;https://maps.app.goo.gl/qxujc9mLFTB4E9wg6;Aleen 120;;;
2000008;902/1;115;2726;1127,5;60%-75%;https://maps.app.goo.gl/CYkYCbMY7rXrsuD3A;Aleen 122;;;
2000009;25;;2187;666,6;60%-75%;https://maps.app.goo.gl/2yjQPz8sMKDiB1wz8;Aleen 126;;;
2000010;1143, 1145;93;2837;2001,8;60%-75%;https://maps.app.goo.gl/Uf1qSLWEXREAgz6aA;Aleen 130;;;
2000011;991;;1578/ب;724,3;60%-75%;https://maps.app.goo.gl/21AjRngUkZR3jkp16;Aleen 138;;;
2000012;1030/1;126;2726;957,3;60%-75%;https://maps.app.goo.gl/4mj1uBP5wAPCmJ4H8;Aleen 142;;;
2000013;116;190;1578/أ;910,9;60%-75%;https://maps.app.goo.gl/NcpZKXBoC5McWdgd8;Aleen 144;;;
2000014;48;191;1578/أ;701,2;60%-75%;https://maps.app.goo.gl/Bbk3CyqgZHtRJi8V8;Aleen 146;;;
2000015;511;;2459;857,5;60%-75%;https://maps.app.goo.gl/22EUzjosTJCE5kCCA;Aleen 154;;;
400007;1514, 1515;1053;1637/ك;1599;35%;https://maps.app.goo.gl/BtEPDTzEpPGEq4iP9;Osus Alpha;;;
1200001;;;;;;https://maps.app.goo.gl/EehA1JYYHrDCnTR96;Raffles Residences Jeddah;;;
1200002;;;;;;;MASAR-MAAB;;;
1200003;1370 - 1373;;3114;60007,7;35%;https://maps.app.goo.gl/HKJ2V95DY9ajEA5w7;THEE ERTH;;;
1200004;;;;;;https://maps.app.goo.gl/oKtMX2S7pcEZSsja6;Ezla Residential;;;
1200005;;;;15464;;;Fayan Offices;;;
2400001;;;;;;https://maps.app.goo.gl/nPnyCiJVGp8kuNir5;Sadan Residence;;;
2400002;;;;;;https://maps.app.goo.gl/Uv6h1jhWvRdPvpbE9;Hayat Rise Al Murooj;;;
2300001;1034 - 1041;9;2593/ج;5622;35%;https://maps.app.goo.gl/F14qYiAiwmKRa6MW7;Al Basateen Tower;;;
2300002;1356, 1357;;3114;22621;;https://maps.app.goo.gl/CVgnZjqQFvHZcyxs7;King's Square;;;
1100006;1506, 1507, 1918, 1919, 1920, 1921;1053;1637/ك;5748,3;35%;https://maps.app.goo.gl/1EgPzQFouGtDqLaH8;Safa 99;;;
6200001;207, 208;;2357;9572,8;60%-75%;https://maps.app.goo.gl/6X4m9KuLNzyvyz3R9;Makeen 63;;;
6200002;240;;2357;8190,4;60%-75%;https://maps.app.goo.gl/ThjJAMhMeZ77exTt5;Makeen 64;;;
6200003;45 - 47;8;3300;4325,3;60%-75%;https://maps.app.goo.gl/7HiSHfYdZRgFCCAo7;Makeen 66;;;
6200004;;;;;;https://maps.app.goo.gl/PS6knWQL3LpdcWME8;Al-mashriqya;;;
6200005;1220/1222, 1221/1223;1308;1637/ك;4446,9;60%;https://maps.app.goo.gl/ezvrCAHVhBpD6HDf9;Makeen 72;;;
6200006;401 - 406;59;2030/ب;4248,9;60%-75%;https://maps.app.goo.gl/gaEi8amiFMfzgYCU8;Sana Makeen;;;
500001;;;;;;https://maps.app.goo.gl/3iRaBXtMNw1zJehX7;Rayya Al Nakheel;;;
4300002;;;;16725;;https://maps.app.goo.gl/RxEcuU9sSNV75hRG9;Tuwaiq Center;;;
4300003;;;;35000;;https://maps.app.goo.gl/n61QDQkCsfHT1S5g9;Maha;;;
6300001;;;;;;;Jawharat Al Fursan almarhalat althaania;;;
6300002;;;;;;;Jawharat Khuzam;;;
6300003;;;;;;;Jawharat alrubaa;;;
6400001;;;;;;;Raseen Reagan Hills;;;
6400002;;;;;;;Darat alfursan 2;;;
6400003;;;;;;;Raseen Khuzam;;;
6400004;;;;;;;Raseen Sedra;;;
6400005;;;;;;https://www.google.com/maps?q=24.72607788,46.66383425;Ajdan 2;;;
6500001;;;;;;;Almuhamil 100;;;
6500002;;;;;;;Almuhamil 105;;;
6500003;;;;;;;Almuhamil 115;;;
6500004;;;;;;;Almuhamil 120;;;
6500005;;;;;;;Almuhamil 125;;;
6600001;;;;;;;Allegria 3;;;
6600002;;;;;;;Allegria 4;;;
6700002;;;;;;;Tuwaiq Fund Project 2;;;
6700001;;;;46080;;https://maps.app.goo.gl/ejsQTo4imGAydkhH7;Tuwaiq Fund Project 1;;;
6800001;;;;225000;;https://maps.app.goo.gl/s2z62HKy27qTcL6w9;Abyatona Rose;;;
6900001;;;;;;https://maps.app.goo.gl/LGrVeNLGz1YsuE7V7;Aknan 24;;;
7100001;;;;;;;0;;;
7200001;;;;;;;Burj Hammoud Ibrahim Al-Dhiyab;;;
7300001;;;;;;;Masheed 10;;;
7400001;;;;;;;Dama Al-Mashriqiya;;;
7400002;;;;;;;Al Khayala 28;;;
7500001;;;;;;;The oryx;;;
7600001;;;;;;;Eawalaa Al Fursan;;;
7600002;;;;;;;Eawalaa Al Narjis;;;
7700001;;;;;;;0;;;
7700002;;;;;;;0;;;
7700003;;;;;;;0;;;
7800001;;;;;;;Al-Muruj 3;;;
7900001;;;;;;https://maps.app.goo.gl/69Bx2yUB7wYb3PJ87;Sama Al Fursan 2;;;
7900002;;;;;;https://maps.app.goo.gl/sWy125ESSpqCq7Y5A;Sama Al Fursan;;;
8000001;;;;;;;Aloo 28;;;
8100001;;;;;;;Enbar 10;;;
8200001;;;;;;;Arjan Al-Maghamis;;;
8200002;;;;;;;Arjan Hills;;;
8200003;;;;;;;Arjan Signature;;;
8300001;;;;;;;Park View;;;
8400001;;;;;;;Diyar 31;;;
8400002;;;;;;;Diyar 33;;;
8400003;;;;;;;Diyar 25;;;
8500001;;;;;;;Bada 37;;;
8500002;;;;;;;Bada 36;;;
8500003;;;;;;;Bada 41;;;
8600001;;;;;;;Our House 1;;;
8600002;;;;;;;Our House 2;;;
8700001;;;;;;;Azyan Khuzam;;;
8700002;;;;;;;Azyan Nimar;;;
8700003;;;;;;;Azyan Al Fursan;;;
8800001;;;;;;;Dana Al Janadriyah 2;;;
8800002;;;;;;;Al Rimal 6;;;
8900001;;;;;;;Rizi 24 Hittin;;;
8900002;;;;;;;Rizi 33 Narjis;;;
8900003;;;;;;;Rizi 20 Narjis;;;
8900004;;;;;;;Rizi 24 Al Taeawun;;;
8900005;;;;;;;Rizi 18 Narjis;;;
8900006;;;;;;;Rizi 46 Al Rabie;;;
8900007;;;;;;;Bayat Hills;;;
9000001;;;;;;;Saraya Al Fursan;;;
9000002;;;;;;;Tala Al-Khuzam;;;
9000003;;;;;;;Saraya Homes;;;
9000004;;;;;;;Saraya Al Ruba;;;
9000005;;;;;;;Al Fursan Communities;;;
9000006;;;;;;;Al Narjis Communities;;;
0;;;;;;;Thuraya Tower;;;
9200001;;;;;;;Asdam;;;
9200002;;;;;;;Asas Tamim Real Estate;;;
9300001;;;;;;;Ishraqat Al Asala;;;
9400001;;;;;;;Haven;;;
9400002;;;;;;;La Vista;;;
9500001;;;;;;;Malfa Al Asala;;;
9600001;;;;;;;Al-Basatin Avenue;;;
9600002;;;;;;;Capital Avenue - Qirawan;;;
9600003;;;;;;;Al Hada Avenue;;;
9600004;;;;;;;Diriyah Avenue;;;
9700001;;;;;;;Mashaeil Al Fursan;;;
9800001;;;;;;https://maps.app.goo.gl/DVh4HiK28TyaFXKS7;Jadah 45;;;
9800002;;;;;;;Jadah 44;;;
9800003;;;;;;;Jadah 46;;;
9900001;;;;;;;Maheer 11;;;
9900002;;;;;;;Maheer 12;;;
9900003;;;;;;;Maheer 13;;;
9900004;;;;;;;Maheer 14;;;
9900005;;;;;;;Maheer 15;;;
9900006;;;;;;;Maheer 16;;;
9900007;;;;;;;Maheer 17;;;
9900008;;;;;;;Maheer 19;;;
10000001;;;;;;;View Al Murjan;;;
10000002;;;;;;;View Al Munsiyya;;;
10100001;;;;;;;Najd Palm Residence (King Faisal District);;;
10100002;;;;;;;Najd Palm Residence Al-Khalij;;;
10100003;;;;;;;Najd Palm Residence (Residential Apartments & Penthouses) – Al-Nahda District;;;
10200001;;;;;;;Rasan Fleij;;;
10200002;;;;;;;Rasen Villas;;;
10300001;;;;;;;Canary 015 Residential;;;
10300001;;;;;;;Canary 018 Al Muadhar;;;
10400001;;;;;;;Al Ghosoun;;;
10400002;;;;;;;Al Farouq;;;
10400003;;;;;;;City Gate;;;
10500001;;;;;;https://maps.app.goo.gl/tGjG2Z1LvEL9RJPc7;North Walk;;;
10500002;;;;;;;Tarfa 7;;;
10500003;;;;;;;Tarfa 6;;;
10600001;;;;;;;Project Details Al Narjis;;;
10600002;;;;;;;Project Details Al Munsiyah;;;
10700001;;;;2880;;https://www.google.com/maps?q=24.92705871,46.79662587;Najd 2;;;
10700002;;;;4296,25;;;Najd 3;;;
10700003;;;;6390;;https://maps.app.goo.gl/YoSrcnjihXY4KofWA;Najd 4;;;
10700004;;;;;;;Najd 5;;;
10800001;;;;;;;The Future;;;
10800002;;;;;;;Al Zuhra;;;
10800003;;;;;;;0;;;
10800004;;;;;;;Grove;;;
10800005;;;;;;;Al Daar;;;
0;;;;;;;Badr Residence;;;
0;;;;;;;0;;;
0;;;;;;;0;;;
11000001;;;;;;;Mashariq 1 Project;;;
11000002;;;;;;;Mashariq 2 Project;;;
11000003;;;;;;;Mashariq 4 Project;;;
11100001;;;;;;https://www.google.com/maps?q=24.93343652,46.83866224;Banan;;;
11200001;;;;;;;JAX Clusters;;;
11200002;;;;;;;Al Munsiyah Clusters;;;
11300001;;;;;;;Tam 1;;;
11300002;;;;;;;Tam 2;;;
11300003;;;;;;;Tam 3;;;
11300004;;;;;;;Tam 4;;;
11400001;;;;;;;Nafah;;;
11400002;;;;387000;;;Al Athbah;;;
11500001;;;;;;;Valley;;;
11500002;;;;;;;Uns;;;
11600001;;;;;;;0;;;
11600002;;;;;;;0;;;
11700001;;;;;;;Malfa Residential Tower;;;
11800001;;;;;;;0;;;
11800002;;;;;;;0;;;
11800003;;;;;;;0;;;
11900001;;;;;;;Reef Apartment 46, Al Muhammadiyah District;;;
11900002;;;;;;;Reef Townhouse 47, Al-Arid District;;;
12000001;;;;;;;Navar;;;
3600002;;;;;;;IQONIC Tower;;;
3600003;;;;;;;Jasmine Residence;;;
6000001;;;;;;;Corinthians;;;
6000002;;;;;;;Armani Residences Diriyah;;;
6000003;;;;;;;Raffles Residences Diriyah;;;
6000004;;;;;;;The Oberoi Residences Wadi Safar;;;
6000005;;;;;;;The Ritz-Carlton Residences Signature Collection, Diriyah;;;
6000006;;;;;;;Bakara Residences Diriyah;;;
6000007;;;;;;;Aman Summer Residences Wadi Safar;;;
6000008;;;;;;;Chedi Residences Wadi Safar;;;
6000009;;;;;;;Diriyah Square;;;
6000010;;;;;;;Jabal Al-Qurain Avenue;;;
6000011;;;;;;;Fayina Residences Wadi Safar;;;
6000012;;;;;;;Gate Offices;;;
6000013;;;;;;;The Ritz-Carlton Diriyah;;;
6000014;;;;;;;Al-Hadawi Houses;;;
2100001;;;;;;https://maps.app.goo.gl/nMQzCLMZroSre8fw6;Neptune;;;
2100002;;;;;;https://maps.app.goo.gl/insUsy4XUwL1ojS97;Rayana;;;
2100003;;;;;;https://maps.app.goo.gl/6BD6QirbkSo4G9S88;Trump Plaza;;;
2100004;;;;;;https://maps.app.goo.gl/d8qJ7ofP6MEnzZZM9;Amaya;;;
2100005;;;;;;https://maps.app.goo.gl/CYG1979aHMNFqBQVA;Trump Tower;;;
200012;;;;;;https://www.google.com/maps?q=24.81770057,46.60172081;Al Majdiah 1;;;
200013;;;;;;https://www.google.com/maps?q=24.81574747,46.60226573;Al Majdiah 2;;;
200014;;;;;;https://www.google.com/maps?q=24.81249712,46.59376782;Al Majdiah 3;;;
200015;;;;;;https://www.google.com/maps?q=24.81207992,46.60199822;Al Majdiah 4;;;
200016;;;;;;https://www.google.com/maps?q=24.82573403,46.59891887;Al Majdiah 5;;;
200017;;;;;;https://www.google.com/maps?q=24.77045489,46.69212566;Al Majdiah 6;;;
200018;;;;;;https://www.google.com/maps?q=24.75486156,46.7553031;Al Majdiah 7;;;
200019;;;;;;https://www.google.com/maps?q=24.81139071,46.5961695;Al Majdiah 8;;;
200020;;;;;;https://www.google.com/maps?q=24.83260278,46.65078;Al Majdiah 9;;;
200021;;;;;;https://www.google.com/maps?q=24.8321045,46.6470456;Al Majdiah 10;;;
200022;;;;;;https://www.google.com/maps?q=24.80788037,46.5920172;Al Majdiah 11;;;
200023;;;;;;https://www.google.com/maps?q=24.76671817,46.72282492;Al Majdiah 12;;;
200024;;;;;;https://www.google.com/maps?q=24.81110846,46.60470807;Al Majdiah 13;;;
200025;;;;;;https://www.google.com/maps?q=24.76916821,46.62611501;Al Majdiah 15;;;
200026;;;;;;https://www.google.com/maps?q=24.75842439,46.6997708;Al Majdiah 16;;;
200027;;;;;;https://www.google.com/maps?q=24.80431152,46.59193036;Al Majdiah 17;;;
200028;;;;;;https://www.google.com/maps?q=24.78410517,46.65006119;Al Majdiah 18;;;
200029;;;;;;https://www.google.com/maps?q=24.82175706,46.62313299;Al Majdiah 19;;;
200030;;;;;;https://www.google.com/maps?q=24.81261775,46.60325382;Al Majdiah 20;;;
200031;;;;;;https://www.google.com/maps?q=24.73312444,46.64432695;Al Majdiah 21;;;
200032;;;;;;https://www.google.com/maps?q=24.83181472,46.64714836;Al Majdiah 22;;;
200033;;;;;;https://www.google.com/maps?q=24.78124576,46.7188147;Al Majdiah 24;;;
200034;;;;;;https://www.google.com/maps?q=24.8133005,46.59516867;Al Majdiah 25;;;
200035;;;;;;https://www.google.com/maps?q=24.80614558,46.59885008;Al Majdiah 27;;;
200036;;;;;;https://www.google.com/maps?q=24.81543771,46.60176027;Al Majdiah 28;;;
200037;;;;;;https://www.google.com/maps?q=24.83294607,46.64984799;Al Majdiah 29;;;
200038;;;;;;https://www.google.com/maps?q=24.83509485,46.65495854;Al Majdiah 30;;;
200039;;;;;;https://www.google.com/maps?q=24.70968833,46.63234598;Al Majdiah 31;;;
200040;;;;;;https://www.google.com/maps?q=24.8232903,46.5975644;Al Majdiah 32;;;
200041;;;;;;https://www.google.com/maps?q=24.77195018,46.69985918;Al Majdiah 33;;;
200042;;;;;;https://www.google.com/maps?q=24.80663036,46.59798542;Al Majdiah 34;;;
200043;;;;;;https://www.google.com/maps?q=24.73654211,46.64528917;Al Majdiah 35;;;
200044;;;;;;https://www.google.com/maps?q=24.77056379,46.69469055;Al Majdiah 36;;;
200045;;;;;;https://www.google.com/maps?q=24.80899834,46.59307643;Al Majdiah 37;;;
200046;;;;;;https://www.google.com/maps?q=24.80834524,46.59308924;Al Majdiah 38;;;
200047;;;;;;https://www.google.com/maps?q=24.76980983,46.5867933;Al Majdiah 39;;;
200048;;;;;;https://www.google.com/maps?q=24.81409829,46.60308496;Al Majdiah 40;;;
200049;;;;;;https://www.google.com/maps?q=24.77087359,46.69552205;Al Majdiah 41;;;
200050;;;;;;https://www.google.com/maps?q=24.82375098,46.5971949;Al Majdiah 42;;;
200051;;;;;;https://www.google.com/maps?q=24.83589803,46.59945632;Al Majdiah 43;;;
200052;;;;;;https://www.google.com/maps?q=24.80353559,46.61555032;Al Majdiah 44;;;
200053;;;;;;https://www.google.com/maps?q=24.77979224,46.70397172;Al Majdiah 45;;;
200054;;;;;;https://www.google.com/maps?q=24.76684774,46.69904484;Al Majdiah 46;;;
200055;;;;;;https://www.google.com/maps?q=24.69382243,46.59956722;Al Majdiah 47;;;
200056;;;;;;https://www.google.com/maps?q=24.78064536,46.70785473;Al Majdiah 48;;;
200057;;;;;;https://www.google.com/maps?q=24.79180385,46.6710101;Al Majdiah 49;;;
200058;;;;;;https://www.google.com/maps?q=24.82920472,46.59800818;Al Majdiah 50;;;
200059;;;;;;https://www.google.com/maps?q=24.82872497,46.59845606;Al Majdiah 50;;;
200060;;;;;;https://www.google.com/maps?q=24.77621363,46.65687145;Al Majdiah 51;;;
200061;;;;;;https://www.google.com/maps?q=24.70505695,46.633342;Al Majdiah 52;;;
200062;;;;;;https://www.google.com/maps?q=24.83463522,46.60074874;Al Majdiah 53;;;
200063;;;;;;https://www.google.com/maps?q=24.80346861,46.5926818;Al Majdiah 54;;;
200064;;;;;;https://www.google.com/maps?q=24.77306195,46.70255894;Al Majdiah 55;;;
200065;;;;;;https://www.google.com/maps?q=24.80501375,46.59483361;Al Majdiah 56;;;
200066;;;;;;https://www.google.com/maps?q=24.74874437,46.75411888;Al Majdiah 57;;;
200067;;;;;;https://www.google.com/maps?q=24.8139577,46.60483695;Al Majdiah 58;;;
200068;;;;;;https://www.google.com/maps?q=24.75692352,46.7214086;Al Majdiah 59;;;
200069;;;;;;https://www.google.com/maps?q=24.71783471,46.60573869;Al Majdiah 60;;;
200070;;;;;;https://www.google.com/maps?q=24.77165526,46.69521164;Al Majdiah 61;;;
200071;;;;;;https://www.google.com/maps?q=24.8196097,46.60611287;Al Majdiah 62;;;
200072;;;;;;https://www.google.com/maps?q=24.77004985,46.69999803;Al Majdiah 63;;;
200073;;;;;;https://www.google.com/maps?q=24.7280456,46.60487689;Al Majdiah 65;;;
200074;;;;;;https://www.google.com/maps?q=24.83325952,46.65058648;Al Majdiah 66;;;
200075;;;;;;https://www.google.com/maps?q=24.76765507,46.62811917;Al Majdiah 67;;;
200076;;;;;;https://www.google.com/maps?q=24.77243977,46.71161829;Al Majdiah 68;;;
200077;;;;;;https://www.google.com/maps?q=24.74737224,46.63695474;Al Majdiah 69;;;
200078;;;;;;https://www.google.com/maps?q=24.80496294,46.68173468;Al Majdiah 70;;;
200079;;;;;;https://www.google.com/maps?q=24.80949897,46.5943043;Al Majdiah 71;;;
200080;;;;;;https://www.google.com/maps?q=24.80907587,46.59485445;Al Majdiah 72;;;
200081;;;;;;https://www.google.com/maps?q=24.83333885,46.66749748;Al Majdiah 73;;;
200082;;;;;;https://www.google.com/maps?q=24.77452284,46.63652272;Al Majdiah 74;;;
200083;;;;;;https://www.google.com/maps?q=24.81259876,46.74285793;Al Majdiah 75;;;
200084;;;;;;https://www.google.com/maps?q=24.83359156,46.65138769;Al Majdiah 76;;;
200085;;;;;;https://www.google.com/maps?q=24.7933146,46.61558134;Al Majdiah 77;;;
200086;;;;;;https://www.google.com/maps?q=24.77234575,46.69495702;Al Majdiah 78;;;
200087;;;;;;https://www.google.com/maps?q=24.80872472,46.59694534;Al Majdiah 80;;;
200088;;;;;;https://www.google.com/maps?q=24.82925681,46.59980952;Al Majdiah 81;;;
200089;;;;;;https://www.google.com/maps?q=24.81357472,46.68076086;Al Majdiah 82;;;
200090;;;;;;https://www.google.com/maps?q=24.67955188,46.57600777;Al Majdiah 83;;;
200091;;;;;;https://www.google.com/maps?q=24.76836652,46.57922848;Al Majdiah 84;;;
200092;;;;;;https://www.google.com/maps?q=24.72871193,46.67925525;Al Majdiah 85;;;
200093;;;;;;https://www.google.com/maps?q=24.82608548,46.63817683;Al Majdiah 86;;;
200094;;;;;;https://www.google.com/maps?q=24.78548422,46.72096937;Al Majdiah 87;;;
200095;;;;;;https://www.google.com/maps?q=24.77007192,46.65808934;Al Majdiah 88;;;
200096;;;;;;https://www.google.com/maps?q=24.75033178,46.75869341;Al Majdiah 89;;;
200097;;;;;;https://www.google.com/maps?q=24.8286612,46.62852447;Al Majdiah 90;;;
200098;;;;;;https://www.google.com/maps?q=24.83644076,46.66001383;Al Majdiah 91;;;
200099;;;;;;https://www.google.com/maps?q=24.83079966,46.6274357;Al Majdiah 92;;;
200100;;;;;;https://www.google.com/maps?q=24.77363448,46.70516152;Al Majdiah 93;;;
200101;;;;;;https://www.google.com/maps?q=24.76184063,46.65797202;Al Majdiah 94;;;
200102;;;;;;https://www.google.com/maps?q=24.74890052,46.72989016;Al Majdiah 95;;;
200103;;;;;;https://www.google.com/maps?q=24.84283059,46.60066574;Al Majdiah 96;;;
200104;;;;;;https://www.google.com/maps?q=24.79777738,46.64432838;Al Majdiah 97;;;
200105;;;;;;https://www.google.com/maps?q=24.75525286,46.71576691;Al Majdiah 98;;;
200106;;;;;;https://www.google.com/maps?q=24.83995124,46.60286884;Al Majdiah 99;;;
200107;;;;;;https://www.google.com/maps?q=24.77359409,46.6491485;Al Majdiah 100;;;
200108;;;;;;https://www.google.com/maps?q=24.88373259,46.62878892;Al Majdiah 102;;;
200109;;;;;;https://www.google.com/maps?q=24.77522642,46.70457197;Al Majdiah 103;;;
200110;;;;;;https://www.google.com/maps?q=24.8296253,46.58583312;Al Majdiah 104;;;
200111;;;;;;https://www.google.com/maps?q=24.79829057,46.7512838;Al Majdiah 105;;;
200112;;;;;;https://www.google.com/maps?q=24.75034389,46.66560274;Al Majdiah 106;;;
200113;;;;;;https://www.google.com/maps?q=24.80590666,46.74601635;Al Majdiah 107;;;
200114;;;;;;https://www.google.com/maps?q=24.76057929,46.71798475;Al Majdiah 108;;;
200115;;;;;;https://www.google.com/maps?q=24.70916631,46.76832617;Al Majdiah 109;;;
200116;;;;;;https://www.google.com/maps?q=24.77497714,46.67471072;Al Majdiah 110;;;
200117;;;;;;https://www.google.com/maps?q=24.85334487,46.65516713;Al Majdiah 111;;;
200118;;;;;;https://www.google.com/maps?q=24.76135874,46.61251014;Al Majdiah 112;;;
200119;;;;;;https://www.google.com/maps?q=24.71970605,46.78263429;Al Majdiah 113;;;
200120;;;;;;https://www.google.com/maps?q=24.79394314,46.61075111;Al Majdiah 115;;;
200121;;;;;;https://www.google.com/maps?q=24.79689916,46.66250341;Al Majdiah 116;;;
200122;;;;;;https://www.google.com/maps?q=24.80169632,46.59241017;Al Majdiah 117;;;
200123;;;;;;https://www.google.com/maps?q=24.73399886,46.60358379;Al Majdiah 119;;;
200124;;;;;;https://www.google.com/maps?q=24.80474303,46.58921289;Al Majdiah 120;;;
200125;;;;;;https://www.google.com/maps?q=24.80743342,46.58958746;Al Majdiah 121;;;
200126;;;;;;https://www.google.com/maps?q=24.7298216,46.6934932;Al Majdiah 122;;;
200127;;;;;;https://www.google.com/maps?q=24.84269722,46.67684472;Al Majdiah 123;;;
200128;;;;;;https://www.google.com/maps?q=24.7314466,46.72214425;Al Majdiah 125;;;
200129;;;;;;https://www.google.com/maps?q=24.81913764,46.6071259;Al Majdiah 127;;;
200130;;;;;;https://www.google.com/maps?q=24.73212073,46.64485864;Al Majdiah 128;;;
200131;;;;;;https://www.google.com/maps?q=24.88628239,46.63877621;Al Majdiah 129;;;
200132;;;;;;https://www.google.com/maps?q=24.8457063,46.63232251;Al Majdiah 130;;;
200133;;;;;;https://www.google.com/maps?q=24.82844317,46.64563405;Al Majdiah 131;;;
200134;;;;;;https://www.google.com/maps?q=24.75950986,46.67058407;Al Majdiah 132;;;
200135;;;;;;https://www.google.com/maps?q=24.88532058,46.63655599;Al Majdiah 133;;;
200136;;;;;;https://www.google.com/maps?q=24.77340805,46.71391908;Al Majdiah 134;;;
200137;;;;;;https://www.google.com/maps?q=24.77723446,46.65888921;Al Majdiah 135;;;
200138;;;;;;https://www.google.com/maps?q=24.77757509,46.67339696;Al Majdiah 137;;;
200139;;;;;;https://www.google.com/maps?q=24.76072346,46.70692025;Al Majdiah 138;;;
200140;;;;;;https://www.google.com/maps?q=24.79739605,46.61602319;Al Majdiah 139;;;
200141;;;;;;https://www.google.com/maps?q=24.86528225,46.65126045;Al Majdiah 140;;;
200142;;;;;;https://www.google.com/maps?q=24.86035144,46.66085317;Al Majdiah 142;;;
200143;;;;;;https://www.google.com/maps?q=24.77920673,46.77195784;Al Majdiah 143;;;
200144;;;;;;https://www.google.com/maps?q=24.86868715,46.64951914;Al Majdiah 144;;;
200145;;;;;;https://www.google.com/maps?q=24.76640228,46.62481043;Al Majdiah 145;;;
200146;;;;;;https://www.google.com/maps?q=24.86640339,46.65068994;Al Majdiah 146;;;
200147;;;;;;https://www.google.com/maps?q=24.90255802,46.62890782;Al Majdiah 147;;;
200148;;;;;;https://www.google.com/maps?q=24.68028598,46.57625951;Al Majdiah 150;;;
200149;;;;;;https://www.google.com/maps?q=24.69361338,46.58257653;Al Majdiah 155;;;
200150;;;;;;https://www.google.com/maps?q=24.80704869,46.68651049;Al Majdiah 156;;;
200151;;;;;;https://www.google.com/maps?q=24.66194875,46.78335328;Al Majdiah 160;;;
200152;;;;;;https://www.google.com/maps?q=24.6607192,46.78039957;Al Majdiah 163;;;
200153;;;;;;https://www.google.com/maps?q=24.78055639,46.58279655;Al Majdiah Village;;;
200154;;;;;;https://www.google.com/maps?q=24.88938916,46.63041513;Derwaza;;;
200155;;;;;;https://www.google.com/maps?q=24.76594422,46.6237389;Majaz;;;
200156;;;;;;https://www.google.com/maps?q=24.82379157,46.62764907;Al Majdiah Residence;;;
200157;;;;;;https://www.google.com/maps?q=24.7620538,46.57731473;Sarh;;;
200158;;;;;;https://www.google.com/maps?q=24.90181277,46.62422703;Sadu;;;
200159;;;;;;https://www.google.com/maps?q=24.8310516,46.57579382;Rawaq Business;;;
200160;;;;;;https://www.google.com/maps?q=24.98487976,46.8269749;Adeem Alfursan;;;
200161;;;;;;https://www.google.com/maps?q=24.6975808,46.7001758;Jazeel;;;
200162;;;;;;https://www.google.com/maps?q=24.82272917,46.60315938;Qarar;;;
1100007;;;;;;https://www.google.com/maps?q=24.64092815,46.59717884;Safa 1;;;
1100008;;;;;;https://www.google.com/maps?q=24.6384297,46.5954401;Safa 2;;;
1100009;;;;;;https://www.google.com/maps?q=24.82799162,46.6290641;Safa 5;;;
1100010;;;;;;https://www.google.com/maps?q=24.80620477,46.60079695;Safa 7;;;
1100011;;;;;;https://www.google.com/maps?q=24.81023831,46.59755426;Safa 8;;;
1100012;;;;;;https://www.google.com/maps?q=24.80286282,46.59262202;Safa 9;;;
1100013;;;;;;https://www.google.com/maps?q=24.78709789,46.62147112;Safa 11;;;
1100014;;;;;;https://www.google.com/maps?q=24.77345444,46.61801406;Safa 12;;;
1100015;;;;;;https://www.google.com/maps?q=24.82877804,46.60039591;Safa 15;;;
1100016;;;;;;https://www.google.com/maps?q=24.82442648,46.60335827;Safa 19;;;
1100017;;;;;;https://www.google.com/maps?q=24.82470874,46.60358428;Safa 20;;;
1100018;;;;;;https://www.google.com/maps?q=24.86410616,46.65784799;Safa 21;;;
1100019;;;;;;https://www.google.com/maps?q=24.80250964,46.68304759;Safa 28;;;
1100020;;;;;;https://www.google.com/maps?q=24.69086558,46.5879727;Safa 40;;;
1100021;;;;;;https://www.google.com/maps?q=24.74749407,46.75833273;Safa 46;;;
1100022;;;;;;https://www.google.com/maps?q=24.80400581,46.59121578;Safa 47;;;
1100023;;;;;;https://www.google.com/maps?q=24.82203546,46.65489808;Safa 50;;;
1100024;;;;;;https://www.google.com/maps?q=24.78259248,46.76250081;Safa 51;;;
1100025;;;;;;https://www.google.com/maps?q=24.76056401,46.74928035;Safa 52;;;
1100026;;;;;;https://www.google.com/maps?q=24.82879548,46.68723788;Safa 53;;;
1100027;;;;;;https://www.google.com/maps?q=24.64180503,46.54898689;Safa 55;;;
1100028;;;;;;https://www.google.com/maps?q=24.86280462,46.65783404;Safa 59;;;
1100029;;;;;;https://www.google.com/maps?q=24.8246796,46.58946653;Safa 60;;;
1100030;;;;;;https://www.google.com/maps?q=24.82499677,46.58793639;Safa 63;;;
1100031;;;;;;https://www.google.com/maps?q=24.75252232,46.75486581;Safa 65;;;
1100032;;;;;;https://www.google.com/maps?q=24.78036922,46.68180919;Safa 69;;;
1100033;;;;;;https://www.google.com/maps?q=24.77746643,46.58294379;Safa 70;;;
1100034;;;;;;https://www.google.com/maps?q=24.85121133,46.66576423;Safa 71;;;
1100035;;;;;;https://www.google.com/maps?q=24.89732181,46.63591217;Safa 72;;;
1100036;;;;;;https://www.google.com/maps?q=24.89905129,46.6350494;Safa 73;;;
1100037;;;;;;https://www.google.com/maps?q=24.89895893,46.63969898;Safa 74;;;
1100038;;;;;;https://www.google.com/maps?q=24.84749364,46.67807768;Safa 76;;;
1100039;;;;;;https://www.google.com/maps?q=24.71358984,46.77352723;Safa 77;;;
1100040;;;;;;https://www.google.com/maps?q=24.78500406,46.71762342;Safa 81;;;
1100041;;;;;;https://www.google.com/maps?q=24.90826824,46.62191309;Safa 83;;;
1100042;;;;;;https://www.google.com/maps?q=24.90933295,46.62478381;Safa 84;;;
1500004;;;;14430;;https://www.google.com/maps?q=24.84071439,46.64949726;North View;;;
1500005;;;;38850;;https://www.google.com/maps?q=24.8480043,46.66138679;Zood Al Narjis;;;
1500006;;;;;;https://www.google.com/maps?q=24.8546203,46.93330018;Elite;;;
300003;;;;;;https://www.google.com/maps?q=24.68124378,46.65283149;Greeenfields;;;
300004;;;;;;https://www.google.com/maps?q=24.83174879,46.63268783;Turquoise Villas 3;;;
300005;;;;;;https://www.google.com/maps?q=24.73043915,46.65938117;Rosa Villa 2;;;
300006;;;;;;https://www.google.com/maps?q=24.69954777,46.7760435;Aurora villas;;;
300007;;;;;;https://www.google.com/maps?q=24.81228145,46.63730291;Ara Residences;;;
300008;;;;;;https://www.google.com/maps?q=24.82420607,46.74777026;Vega Residence;;;
300009;;;;;;https://www.google.com/maps?q=24.7253114,46.69155519;Offices zone;;;
300010;;;;;;https://www.google.com/maps?q=24.74656876,46.70666121;Durar al Layali;;;
300011;;;;;;https://www.google.com/maps?q=24.71061516,46.67716503;Array Suites;;;
300012;;;;;;https://www.google.com/maps?q=24.81339067,46.68176833;Evia Villas;;;
300013;;;;;;https://www.google.com/maps?q=24.68045098,46.66523503;Indigo Villas;;;
300014;;;;;;https://www.google.com/maps?q=24.75871724,46.68484456;Jasmin Villas;;;
300015;;;;;;https://www.google.com/maps?q=24.83755169,46.6858697;Campus;;;
300016;;;;;;https://www.google.com/maps?q=24.74820505,46.63995273;First Projects Homes;;;
1400001;;;;;;https://www.google.com/maps?q=24.81555162,46.59656081;Al Ajlan Riviera 1;;;
1400002;;;;;;https://www.google.com/maps?q=24.81230941,46.60682661;Al Ajlan Riviera 2;;;
1400003;;;;;;https://www.google.com/maps?q=24.82125771,46.62197604;Al Ajlan Riviera 3;;;
1400004;;;;;;https://www.google.com/maps?q=24.80127699,46.59343593;Al Ajlan Riviera 4;;;
1400005;;;;;;https://www.google.com/maps?q=24.77066194,46.61302496;Al Ajlan Riviera 5;;;
1400006;;;;;;https://www.google.com/maps?q=24.81724518,46.60060984;Al Ajlan Riviera 7;;;
1400007;;;;;;https://www.google.com/maps?q=24.70834926,46.6358182;Al Ajlan Riviera 9;;;
1400008;;;;;;https://www.google.com/maps?q=24.82431886,46.59991591;Al Ajlan Riviera 10;;;
1400009;;;;;;https://www.google.com/maps?q=24.79233341,46.69680394;Al Ajlan Riviera 11;;;
1400010;;;;;;https://www.google.com/maps?q=24.83546277,46.66718204;Al Ajlan Riviera 12;;;
1400011;;;;;;https://www.google.com/maps?q=24.82733138,46.73800572;Al Ajlan Riviera 15;;;
1400012;;;;;;https://www.google.com/maps?q=24.8244021,46.65058447;Al Ajlan Riviera 16;;;
1400013;;;;;;https://www.google.com/maps?q=24.81919576,46.60513367;Al Ajlan Riviera 17;;;
1400014;;;;;;https://www.google.com/maps?q=24.70456438,46.62894349;Al Ajlan Riviera 18;;;
1400015;;;;;;https://www.google.com/maps?q=24.80649395,46.68733037;Al Ajlan Riviera 19;;;
1400016;;;;;;https://www.google.com/maps?q=24.80625661,46.68743502;Al Ajlan Riviera 20;;;
1400017;;;;;;https://www.google.com/maps?q=24.81426822,46.61181926;Al Ajlan Riviera 22;;;
1400018;;;;;;https://www.google.com/maps?q=24.80152226,46.7358801;Al Ajlan Riviera 24;;;
1400019;;;;;;https://www.google.com/maps?q=24.78022493,46.63139966;Al Ajlan Riviera 25;;;
1400020;;;;;;https://www.google.com/maps?q=24.78009557,46.63133499;Al Ajlan Riviera 26;;;
1400021;;;;;;https://www.google.com/maps?q=24.71879538,46.68552335;Al Ajlan Riviera 29;;;
1400022;;;;;;https://www.google.com/maps?q=24.80599733,46.68639882;Al Ajlan Riviera 31;;;
1400023;;;;;;https://www.google.com/maps?q=24.80417671,46.73307004;Al Ajlan Riviera 32;;;
1400024;;;;;;https://www.google.com/maps?q=24.84635216,46.66730365;Al Ajlan Riviera 33;;;
1400025;;;;;;https://www.google.com/maps?q=24.78907903,46.6171744;Al Ajlan Riviera 34;;;
1400026;;;;;;https://www.google.com/maps?q=24.87798154,46.64721052;Al Ajlan Riviera 35;;;
1400027;;;;;;https://www.google.com/maps?q=24.87493903,46.64874373;Al Ajlan Riviera 36;;;
1400028;;;;;;https://www.google.com/maps?q=24.85659835,46.66058012;Al Ajlan Riviera 37;;;
1400029;;;;;;https://www.google.com/maps?q=24.82023284,46.67750305;Al Ajlan Riviera 38;;;
1400030;;;;;;https://www.google.com/maps?q=24.71013937,46.7784342;Al Ajlan Riviera 39;;;
1400031;;;;;;https://www.google.com/maps?q=24.75677228,46.68678237;Al Ajlan Riviera 40;;;
1400032;;;;;;https://www.google.com/maps?q=24.79424733,46.68702725;Al Ajlan Riviera 41;;;
1400033;;;;;;https://www.google.com/maps?q=24.84231144,46.67852931;Al Ajlan Riviera 42;;;
1400034;;;;;;https://www.google.com/maps?q=24.76848011,46.68558079;Al Ajlan Riviera 43;;;
1400035;;;;;;https://www.google.com/maps?q=24.77863671,46.66680851;Al Ajlan Riviera 44;;;
1400036;;;;;;https://www.google.com/maps?q=24.71689396,46.76844455;Al Ajlan Riviera 45;;;
1400037;;;;;;https://www.google.com/maps?q=24.78790641,46.68904665;Al Ajlan Riviera 46;;;
1400038;;;;;;https://www.google.com/maps?q=24.78815062,46.68892079;Al Ajlan Riviera 47;;;
1400039;;;;;;https://www.google.com/maps?q=24.65932389,46.75924108;Al Ajlan Riviera 48;;;
1400040;;;;;;https://www.google.com/maps?q=24.73103943,46.77038496;Al Ajlan Riviera 49;;;
1400041;;;;;;https://www.google.com/maps?q=24.72165065,46.68197326;Al Ajlan Riviera 50;;;
1400042;;;;;;https://www.google.com/maps?q=24.6625142,46.76781556;Al Ajlan Riviera 51;;;
1400043;;;;;;https://www.google.com/maps?q=24.66339327,46.75784913;Al Ajlan Riviera 52;;;
1400044;;;;;;https://www.google.com/maps?q=24.78463941,46.67242691;Al Ajlan Riviera 54;;;
1400045;;;;;;https://www.google.com/maps?q=24.63032051,46.57170622;Al Ajlan Riviera 57;;;
4800009;;;;;;https://www.google.com/maps?q=24.79288347,46.62537966;Wakan 1;;;
4800010;;;;;;https://www.google.com/maps?q=24.84698432,46.63084255;Wakan 2;;;
4800011;;;;;;https://www.google.com/maps?q=24.86892596,46.65669272;Wakan 4;;;
4800012;;;;;;https://www.google.com/maps?q=24.8732491,46.65392504;Wakan 5;;;
4800013;;;;;;https://www.google.com/maps?q=24.8913275,46.63497943;Wakan 7;;;
4800014;;;;;;https://www.google.com/maps?q=24.7583414,46.75738175;Wakan 8;;;
4800015;;;;;;https://www.google.com/maps?q=24.76293439,46.67487675;Wakan 9;;;
4800016;;;;;;https://www.google.com/maps?q=24.76736195,46.67266642;Wakan 10;;;
4800017;;;;;;https://www.google.com/maps?q=24.7788487,46.72674679;Wakan 12;;;
4800018;;;;;;https://www.google.com/maps?q=24.87618583,46.66273397;Wakan 14;;;
4800019;;;;;;https://www.google.com/maps?q=24.7834331,46.61783519;Wakan 16;;;
4800020;;;;;;https://www.google.com/maps?q=24.8090908,46.6402831;Wakan 17;;;
4800021;;;;;;https://www.google.com/maps?q=24.85687741,46.65223869;Wakan 18;;;
4800022;;;;;;https://www.google.com/maps?q=24.91265281,46.59807222;Wakan 19;;;
4800023;;;;;;https://www.google.com/maps?q=24.7210529,46.76018062;Wakan 20;;;
4800024;;;;;;https://www.google.com/maps?q=24.80958801,46.7524437;Wakan 21;;;
4800025;;;;;;https://www.google.com/maps?q=24.78061648,46.72212097;Wakan 22;;;
4800026;;;;;;https://www.google.com/maps?q=24.69393075,46.58980582;Wakan 23;;;
4800027;;;;;;https://www.google.com/maps?q=24.78070734,46.72240307;Wakan 22;;;
4800028;;;;;;https://www.google.com/maps?q=24.78123722,46.5797055;Wakan 24;;;
4800029;;;;;;https://www.google.com/maps?q=24.77753073,46.65978729;Wakan 25;;;
4800030;;;;;;https://www.google.com/maps?q=24.75378873,46.68053933;Wakan 26;;;
4800031;;;;;;https://www.google.com/maps?q=24.70894636,46.77144953;Wakan 28;;;
4800032;;;;;;https://www.google.com/maps?q=24.86864442,46.65601722;Wakan 29;;;
4800033;;;;;;https://www.google.com/maps?q=24.71902169,46.78784391;Wakan 30;;;
4800034;;;;;;https://www.google.com/maps?q=24.79692177,46.63948182;Wakan 33;;;
4800035;;;;;;https://www.google.com/maps?q=24.70534305,46.78122293;Wakan 34;;;
4800036;;;;;;https://www.google.com/maps?q=24.70516976,46.78097822;Wakan 34;;;
4800037;;;;;;https://www.google.com/maps?q=24.76263529,46.67540801;Wakan 35;;;
4800038;;;;;;https://www.google.com/maps?q=24.78406756,46.75046414;Wakan 36;;;
4800039;;;;;;https://www.google.com/maps?q=24.76397654,46.68536722;Wakan 37;;;
400008;;;;;;https://www.google.com/maps?q=24.93545515,46.63025736;Osus Housing Mersia;;;
400009;;;;;;https://www.google.com/maps?q=24.69507771,46.83641937;Osus Houseing Sada;;;
400010;;;;;;https://www.google.com/maps?q=24.84508829,46.77005187;Osus Housing Al-Monsia;;;
400011;;;;;;https://www.google.com/maps?q=24.90838508,46.8568213;Osus Al Murjan 1;;;
400012;;;;;;https://www.google.com/maps?q=24.90511096,46.85128437;Osus Al Murjan 2;;;
400013;;;;;;https://www.google.com/maps?q=24.80714453,46.66362686;Osus Domain;;;
400014;;;;;;https://www.google.com/maps?q=24.82259865,46.65340818;Anas Bin Malek Mall;;;
400015;;;;;;https://www.google.com/maps?q=24.8419911,46.65298675;OD Tower;;;
400016;;;;;;https://www.google.com/maps?q=24.83977407,46.65432496;OD Plaza I;;;
400017;;;;;;https://www.google.com/maps?q=24.83906861,46.65468515;OD Plaza II;;;
400018;;;;;;https://www.google.com/maps?q=24.84084046,46.65359979;OD Office I;;;
400019;;;;;;https://www.google.com/maps?q=24.83760112,46.65544409;OD Office II;;;
1900001;;;;;;https://www.google.com/maps?q=24.84719897,46.76752661;Al Nayfah;;;
1900002;;;;;;https://www.google.com/maps?q=24.77307033,46.7740678;Marvela;;;
1900003;;;;;;https://www.google.com/maps?q=24.76635778,46.57540028;Pavilions;;;
1900004;;;;;;https://www.google.com/maps?q=24.83676678,46.64001719;Rafal Village Tower;;;
2700010;;;;;;https://www.google.com/maps?q=24.73879078,46.66288258;Infinity (Mobtakeron);;;
2700011;;;;;;https://www.google.com/maps?q=24.70517395,46.71519938;Park View (Mobtakeron);;;
2700012;;;;;;https://www.google.com/maps?q=24.73171541,46.66118365;Riyadh Lux (Mobtakeron);;;
5800001;;;;;;https://www.google.com/maps?q=24.70938514,46.67245858;Damac Towers;;;
1900005;;;;;;https://www.google.com/maps?q=24.7925172,46.63237318;Burj Rafal;;;
1900006;;;;;;https://www.google.com/maps?q=24.80894502,46.62626254;Rafal Residence;;;
1900007;;;;;;https://www.google.com/maps?q=24.8511265,46.654951;Rafal Alegria;;;
1900008;;;;;;https://www.google.com/maps?q=24.70421628,46.73970428;Balancia Compound;;;
1900009;;;;;;https://www.google.com/maps?q=24.76499727,46.57198974;Al Rabia;;;
3900002;;;;;;https://www.google.com/maps?q=24.78841304,46.63687081;Naya Core Tower;;;
800001;;;;;;https://www.google.com/maps?q=24.90128893,46.78888611;Al Dhahia;;;
800002;;;;;;https://www.google.com/maps?q=24.92791218,46.88989354;Al Akaria Park;;;
800003;;;;;;https://www.google.com/maps?q=24.828083,46.68876532;La Casa;;;
800004;;;;;;https://www.google.com/maps?q=24.70737024,46.67902581;Al Akaria Plaza;;;
800005;;;;;;https://www.google.com/maps?q=24.70443252,46.68074396;Al Akaria 2;;;
800006;;;;;;https://www.google.com/maps?q=24.70587264,46.67946234;Al Akaria 3;;;
800007;;;;;;https://www.google.com/maps?q=24.70699206,46.68603287;Olaya Oasis Compound;;;
800008;;;;;;https://www.google.com/maps?q=24.85148095,46.74535327;Fai Sedra;;;
800009;;;;;;https://www.google.com/maps?q=24.684109,46.72586408;Sitteen;;;
800010;;;;;;https://www.google.com/maps?q=24.67954503,46.61722178;Reef;;;
800011;;;;;;https://www.google.com/maps?q=24.79830462,46.6174479;Tilal Mixed-Use Commercial Centre;;;
5500001;;;;;;https://www.google.com/maps?q=24.84331922,46.76897143;Majd Al Munsiyah Project;;;
5500002;;;;;;https://www.google.com/maps?q=24.83882722,46.73997517;Majd Qurtubah Project;;;
5500003;;;;;;https://www.google.com/maps?q=24.84203734,46.78092621;Majd 39 Project;;;
5500004;;;;;;https://www.google.com/maps?q=24.91070678,46.85691019;Majd 40 Project;;;
5500005;;;;;;https://www.google.com/maps?q=24.84665511,46.77841102;Majd 41 Compound;;;
5500006;;;;;;https://www.google.com/maps?q=24.82418008,46.67920628;Majd Al Narjis Project;;;
5500007;;;;;;https://www.google.com/maps?q=24.82421359,46.76043834;Smart Home Project;;;
5500008;;;;;;https://www.google.com/maps?q=24.8058931,46.62515871;Majd Tower;;;
5500009;;;;;;https://www.google.com/maps?q=24.78322631,46.77200571;Ishbiliyah Business Center;;;
5500010;;;;;;https://www.google.com/maps?q=24.92246285,46.78563038;Jawharat Al Rimal Plan;;;
5500011;;;;;;https://www.google.com/maps?q=24.87069566,46.90647204;Majd Glory 3;;;
5500012;;;;;;https://www.google.com/maps?q=24.86163907,46.90847262;Majd 4;;;
5500013;;;;;;https://www.google.com/maps?q=24.86419234,46.91188495;Majd Glory 5;;;
5500014;;;;;;https://www.google.com/maps?q=24.83929222,46.79712736;Majd Glory 6;;;
9800004;;;;;;https://www.google.com/maps?q=24.78227415,46.71786558;Jadah 31;;;
9800005;;;;;;https://www.google.com/maps?q=24.7662433,46.70527205;Jadah 32;;;
9800006;;;;;;https://www.google.com/maps?q=24.77745871,46.67185653;Jadah 33;;;
9800007;;;;;;https://www.google.com/maps?q=24.72474686,46.68359189;Jadah 34;;;
9800008;;;;;;https://www.google.com/maps?q=24.80351229,46.59770101;Jadah 35;;;
9800009;;;;;;https://www.google.com/maps?q=24.83191563,46.63168114;Jadah 36;;;
9800010;;;;;;https://www.google.com/maps?q=24.73946102,46.66562928;Jadah 37;;;
9800011;;;;;;https://www.google.com/maps?q=24.79721801,46.67381312;Jadah 38;;;
9800012;;;;;;https://www.google.com/maps?q=24.81662439,46.60731278;Jadah 39;;;
9800013;;;;;;https://www.google.com/maps?q=24.76193322,46.70552138;Jadah 40;;;
9800014;;;;;;https://www.google.com/maps?q=24.65974286,46.75515822;Jadah 41;;;
9800015;;;;;;https://www.google.com/maps?q=24.76014686,46.70778597;Jadah 42;;;
9800016;;;;;;https://www.google.com/maps?q=24.65972689,46.75336324;Jadah 43;;;
1700001;;;;;;https://www.google.com/maps?q=24.8512956,46.65239842;Aress Compound;;;
1700002;;;;;;https://www.google.com/maps?q=24.82461007,46.69587514;Al Soliman Business Compound;;;
1700003;;;;;;https://www.google.com/maps?q=24.89989332,46.61986265;Al Soliman Blue Dar Compound 129;;;
1700004;;;;;;https://www.google.com/maps?q=24.90074378,46.62191149;Al Soliman Blue Dar Compound 130;;;
1700005;;;;;;https://www.google.com/maps?q=24.9104081,46.61509353;Al Soliman Blue Dar Compound 134;;;
6200007;;;;;;https://www.google.com/maps?q=24.83170422,46.74094312;Makeen 30;;;
6200008;;;;;;https://www.google.com/maps?q=24.81486299,46.78810778;Makeen 31;;;
6200009;;;;;;https://www.google.com/maps?q=24.80431387,46.77246778;Makeen 32;;;
6200010;;;;;;https://www.google.com/maps?q=24.88133944,46.62946562;Makeen 34;;;
6200011;;;;;;https://www.google.com/maps?q=24.90051786,46.60742084;Makeen 35;;;
6200012;;;;;;https://www.google.com/maps?q=24.89998501,46.60890777;Makeen 36;;;
6200013;;;;;;https://www.google.com/maps?q=24.86119721,46.62681572;Makeen 37;;;
6200014;;;;;;https://www.google.com/maps?q=24.82617127,46.65170389;Makeen 38;;;
6200015;;;;;;https://www.google.com/maps?q=24.8463871,46.79203059;Makeen 39;;;
6200016;;;;;;https://www.google.com/maps?q=24.93613393,46.7876834;Makeen 42;;;
6200017;;;;;;https://www.google.com/maps?q=24.90195712,46.643653;Makeen 46;;;
6200018;;;;;;https://www.google.com/maps?q=24.86866081,46.6286744;Makeen 47;;;
6200019;;;;;;https://www.google.com/maps?q=24.67886257,46.75706038;Makeen 48;;;
6200020;;;;;;https://www.google.com/maps?q=24.9090061,46.61527461;Makeen 50;;;
6200021;;;;;;https://www.google.com/maps?q=24.78080915,46.74266587;Makeen Square 51;;;
6200022;;;;;;https://www.google.com/maps?q=24.88688022,46.62605802;Makeen 52;;;
6200023;;;;;;https://www.google.com/maps?q=24.82056743,46.6223225;Makeen 54;;;
6200024;;;;;;https://www.google.com/maps?q=24.89390517,46.62309537;Makeen 56;;;
6200025;;;;;;https://www.google.com/maps?q=24.82726421,46.64282189;Makeen 57;;;
6200026;;;;;;https://www.google.com/maps?q=24.8463317,46.83782983;Makeen 59;;;
6200027;;;;;;https://www.google.com/maps?q=24.80630979,46.59789058;Makeen 28;;;
6200028;;;;;;https://www.google.com/maps?q=24.82767041,46.64376037;Makeen 27;;;
6200029;;;;;;https://www.google.com/maps?q=24.77636256,46.71361681;Makeen 26;;;
6200030;;;;;;https://www.google.com/maps?q=24.79468055,46.6253648;Makeen 25;;;
6200031;;;;;;https://www.google.com/maps?q=24.78365926,46.61676541;Makeen 24;;;
6200032;;;;;;https://www.google.com/maps?q=24.81337073,46.59433553;Makeen 19;;;
6200033;;;;;;https://www.google.com/maps?q=24.82539403,46.60021829;Makeen 18;;;
6200034;;;;;;https://www.google.com/maps?q=24.81529351,46.60252001;Makeen 17;;;
6200035;;;;;;https://www.google.com/maps?q=24.77314983,46.61721387;Makeen 15;;;
6200036;;;;;;https://www.google.com/maps?q=24.81120112,46.59061091;Makeen 13;;;
6200037;;;;;;https://www.google.com/maps?q=24.81303573,46.59093679;Makeen 12;;;
500002;;;;;;https://www.google.com/maps?q=24.92688326,46.63560193;Jawharat AlRamz;;;
500003;;;;;;https://www.google.com/maps?q=24.84897629,46.78399594;Tal Alrimal 1 & 2;;;
500004;;;;;;https://www.google.com/maps?q=24.78012511,46.58133351;Rafd Office Community;;;
500005;;;;;;https://www.google.com/maps?q=24.83845519,46.74035432;Ramz 19;;;
500006;;;;;;https://www.google.com/maps?q=24.73757342,46.60446395;Ramz 21;;;
500007;;;;;;https://www.google.com/maps?q=24.82427091,46.63373601;Ramz 23;;;
500008;;;;;;https://www.google.com/maps?q=24.8245203,46.63359101;Ramz 24;;;
500009;;;;;;https://www.google.com/maps?q=24.83236272,46.64839392;Ramz 25;;;
500010;;;;;;https://www.google.com/maps?q=24.83263485,46.6482566;Ramz 26;;;
500011;;;;;;https://www.google.com/maps?q=24.83374094,46.65346581;Ramz 29;;;
500012;;;;;;https://www.google.com/maps?q=24.83350667,46.65357533;Ramz 30;;;
500013;;;;;;https://www.google.com/maps?q=24.82316725,46.62868012;Ramz 31;;;
500014;;;;;;https://www.google.com/maps?q=24.83757219,46.74842427;Ramz 33;;;
500015;;;;;;https://www.google.com/maps?q=24.78048397,46.59111952;Ramz 35;;;
500016;;;;;;https://www.google.com/maps?q=24.78069691,46.59106334;Ramz 36;;;
500017;;;;;;https://www.google.com/maps?q=24.76726747,46.58922581;Ramz 37;;;
500018;;;;;;https://www.google.com/maps?q=24.90082427,46.64085703;Ramz 41;;;
500019;;;;;;https://www.google.com/maps?q=24.7186199,46.78429277;Ramz 48;;;
500020;;;;;;https://www.google.com/maps?q=24.78840992,46.6285331;Stone Complex;;;
500021;;;;;;https://www.google.com/maps?q=24.80491855,46.6158146;Ramz Faseelah Square;;;
500022;;;;;;https://www.google.com/maps?q=24.82241231,46.60572981;Al Ramz Office Tower;;;
500023;;;;;;https://www.google.com/maps?q=24.66454966,46.76719798;Al Ramz Sadeem;;;
500024;;;;;;https://www.google.com/maps?q=24.84946042,46.65593927;Al Ramz Jadeel Floors;;;
500025;;;;;;https://www.google.com/maps?q=24.665502,46.76682043;Al Ramz Sadeem Villas;;;
500026;;;;;;https://www.google.com/maps?q=24.75055199,46.58461448;Office Community;;;
9300002;;;;;;https://www.google.com/maps?q=24.80884033,46.5974708;Ishraqa 01;;;
9300003;;;;;;https://www.google.com/maps?q=24.8205141,46.58797912;Ishraqa 03;;;
9300004;;;;;;https://www.google.com/maps?q=24.7798511,46.58856725;Israqa Villas 04;;;
9300005;;;;;;https://www.google.com/maps?q=24.82036006,46.60713096;Ishraqa 5;;;
9300006;;;;;;https://www.google.com/maps?q=24.851744,46.66453836;Ishraqa 6;;;
9300007;;;;;;https://www.google.com/maps?q=24.82528233,46.60147986;Ishraqa Villas 07;;;
9300008;;;;;;https://www.google.com/maps?q=24.82518978,46.60123708;Ishraqa Apartments  07;;;
9300009;;;;;;https://www.google.com/maps?q=24.85392951,46.66651986;Ishraqa 8;;;
9300010;;;;;;https://www.google.com/maps?q=24.76424649,46.68378908;Ishraqa 9;;;
9300011;;;;;;https://www.google.com/maps?q=24.85284605,46.79759129;Ishraqa 10;;;
9300012;;;;;;https://www.google.com/maps?q=24.72006747,46.68589775;Israqa Villas 11;;;
9300013;;;;;;https://www.google.com/maps?q=24.68105176,46.58204242;Ishraqa 12;;;
9300014;;;;;;https://www.google.com/maps?q=24.88070578,46.61140477;Ishraqa 13;;;
9300015;;;;;;https://www.google.com/maps?q=24.7941508,46.71067439;Ishraqa 15;;;
12200001;;;;;;https://www.google.com/maps?q=24.86973635,46.62403022;Magna 1;;;
12200002;;;;;;https://www.google.com/maps?q=24.81788421,46.62995507;Magna 1;;;
12200003;;;;;;https://www.google.com/maps?q=24.86901533,46.62420864;Magna 3;;;
12200004;;;;;;https://www.google.com/maps?q=24.86786146,46.62480738;Magna 4;;;
12200005;;;;;;https://www.google.com/maps?q=24.86104619,46.65873688;Magna 2;;;
12200006;;;;;;https://www.google.com/maps?q=24.87081561,46.62187549;Magna 5;;;
12200007;;;;;;https://www.google.com/maps?q=24.87314702,46.62005632;Magna 6;;;
12200008;;;;;;https://www.google.com/maps?q=24.89630356,46.61607008;Magna 8;;;
12200009;;;;;;https://www.google.com/maps?q=24.89843473,46.62282278;Magna 23;;;
12200010;;;;;;https://www.google.com/maps?q=24.85564388,46.67381606;Magna 24;;;
12200011;;;;;;https://www.google.com/maps?q=24.87043341,46.62766087;Magna 25;;;
12200012;;;;;;https://www.google.com/maps?q=24.87684719,46.62033137;Magna 26;;;
12200013;;;;;;https://www.google.com/maps?q=24.85878695,46.67003777;Magna 28;;;
12200014;;;;;;https://www.google.com/maps?q=24.8936297,46.62247581;Magna 30;;;
12200015;;;;;;https://www.google.com/maps?q=24.90130344,46.6259107;Magna 32;;;
12200016;;;;;;https://www.google.com/maps?q=24.85352472,46.66207493;Magna 33;;;
12200017;;;;;;https://www.google.com/maps?q=24.90353347,46.63746261;Magna 35;;;
12200018;;;;;;https://www.google.com/maps?q=24.87849049,46.60780812;Magna 39;;;
12200019;;;;;;https://www.google.com/maps?q=24.89762888,46.61650407;Magna 41;;;
12200020;;;;;;https://www.google.com/maps?q=24.87870918,46.60866003;Magna 42;;;
12200021;;;;;;https://www.google.com/maps?q=24.87072027,46.62676109;Magna 43;;;
12200022;;;;;;https://www.google.com/maps?q=24.87640566,46.60430457;Magna 45;;;
12200023;;;;;;https://www.google.com/maps?q=24.76952511,46.66322628;Magna 47;;;
12200024;;;;;;https://www.google.com/maps?q=24.85455368,46.66824918;Magna 48;;;
12200025;;;;;;https://www.google.com/maps?q=24.8735347,46.62316291;Magna 61;;;
12200026;;;;;;https://www.google.com/maps?q=24.81331054,46.76259954;Magna 63;;;
12200027;;;;;;https://www.google.com/maps?q=24.83551868,46.76292618;Magna 64;;;
12200028;;;;;;https://www.google.com/maps?q=24.86196182,46.81259838;Magna 67;;;
12200029;;;;;;https://www.google.com/maps?q=24.86070898,46.81006877;Magna 68;;;
12200030;;;;;;https://www.google.com/maps?q=24.89996004,46.60805953;Magna 69;;;
12200031;;;;;;https://www.google.com/maps?q=24.73070086,46.79744846;Magna 71;;;
12200032;;;;;;https://www.google.com/maps?q=24.73122857,46.79946295;Magna 72;;;
12200033;;;;;;https://www.google.com/maps?q=24.71443132,46.77484901;Magna 108 (apart.);;;
12200034;;;;;;https://www.google.com/maps?q=24.71419319,46.77504079;Magna 108 (villas);;;
1300007;;;;9845;;https://www.google.com/maps?q=24.74531285,46.80270307;Asala Residence - Al Nahdah;;;
1300008;;;;2818;;https://www.google.com/maps?q=24.67667301,46.78420637;Asala Residence - Al Jazeera;;;
1300009;;;;9000;;https://www.google.com/maps?q=24.80574641,46.5894861;Asala Residence - Al Malqa;;;
1300010;;;;72000;;https://www.google.com/maps?q=24.65798318,46.75890517;Eyal Riyadh Heights;;;
1300011;;;;479716;;https://www.google.com/maps?q=24.92284235,46.64315995;Asala Al Juwan;;;
1300012;;;;249000;;https://www.google.com/maps?q=24.86305251,46.6189847;Tura;;;
8000002;;;;;;https://www.google.com/maps?q=24.73323789,46.60300384;Oluo 08;;;
8000003;;;;;;https://www.google.com/maps?q=24.76247694,46.66544156;Oluo 09;;;
8000004;;;;;;https://www.google.com/maps?q=24.88676597,46.6036277;Oluo 10;;;
8000005;;;;;;https://www.google.com/maps?q=24.89852963,46.62142487;Oluo Height 13;;;
8000006;;;;;;https://www.google.com/maps?q=24.85978539,46.65067381;Oluo 14;;;
8000007;;;;;;https://www.google.com/maps?q=24.87062368,46.65106117;Oluo Height 15;;;
8000008;;;;;;https://www.google.com/maps?q=24.82353276,46.68171249;Olou Height 16;;;
8900008;;;;;;https://www.google.com/maps?q=24.73367734,46.65025981;Zan residence;;;
8900009;;;;;;https://www.google.com/maps?q=24.81900898,46.58757455;Bayat Viila 03;;;
8900010;;;;;;https://www.google.com/maps?q=24.80473775,46.66496018;Bayat Villa 04;;;
8900011;;;;;;https://www.google.com/maps?q=24.79935557,46.71174111;Bayat 01;;;
8900012;;;;;;https://www.google.com/maps?q=24.79747982,46.70742178;Bayat 10;;;
8900013;;;;;;https://www.google.com/maps?q=24.78546468,46.74399291;Bayat 11;;;
8900014;;;;;;https://www.google.com/maps?q=24.81502721,46.60262618;Bayat 12;;;
8900015;;;;;;https://www.google.com/maps?q=24.79002731,46.69135601;Bayat 13;;;
8900016;;;;;;https://www.google.com/maps?q=24.763223,46.70858716;Bayat 15;;;
8900017;;;;;;https://www.google.com/maps?q=24.8407244,46.66706507;Bayat 16;;;
8900018;;;;;;https://www.google.com/maps?q=24.7398374,46.60860452;Bayat 17;;;
8900019;;;;;;https://www.google.com/maps?q=24.73903194,46.68770107;Bayat 18;;;
8900020;;;;;;https://www.google.com/maps?q=24.75978322,46.66898891;Bayat 19;;;
8900021;;;;;;https://www.google.com/maps?q=24.80960349,46.58848066;Bayat 20;;;
8900022;;;;;;https://www.google.com/maps?q=24.8159181,46.61022404;Bayat 21;;;
8900023;;;;;;https://www.google.com/maps?q=24.81680581,46.71882728;Bayat 22;;;
1400046;;;;;;https://www.google.com/maps?q=24.82155291,46.60366952;WATAD Tower;;;
12300001;;;;;;https://www.google.com/maps?q=24.78077009,46.61990971;Sayl 24;;;
12300002;;;;;;https://www.google.com/maps?q=24.79307279,46.6144204;Sayl 25;;;
12300003;;;;;;https://www.google.com/maps?q=24.8439294,46.66932609;Sayl 26;;;
12300004;;;;;;https://www.google.com/maps?q=24.78603375,46.58941367;Sayl 28;;;
12300005;;;;;;https://www.google.com/maps?q=24.80469128,46.68334036;Sayl 31;;;
12300006;;;;;;https://www.google.com/maps?q=24.79631896,46.62322222;Sayl 32;;;
12300007;;;;;;https://www.google.com/maps?q=24.79472984,46.62269106;Sayl 33;;;
12300008;;;;;;https://www.google.com/maps?q=24.89460268,46.6220129;Sayl 34;;;
12300009;;;;;;https://www.google.com/maps?q=24.85732457,46.66229647;Sayl 35;;;
12300010;;;;;;https://www.google.com/maps?q=24.86018423,46.66015189;Sayl 37;;;
5900001;;;;;;https://www.google.com/maps?q=24.89722277,46.64263715;Nassem Khuzam;;;
5900002;;;;;;https://www.google.com/maps?q=24.68352581,46.57891298;Tiraz Avenue;;;
5900003;;;;;;https://www.google.com/maps?q=24.87618504,46.6464226;Tiraz Qutoof;;;
5900004;;;;;;https://www.google.com/maps?q=24.6829276,46.58272042;Tiraz Pavilon;;;
5900005;;;;;;https://www.google.com/maps?q=24.85814452,46.63378343;Tiraz Gardens;;;
5900006;;;;;;https://www.google.com/maps?q=24.73864592,46.52460977;Cave;;;
8400004;;;;;;https://www.google.com/maps?q=24.69235591,46.80402697;Diaar 4;;;
8400005;;;;;;https://www.google.com/maps?q=24.78518824,46.69492501;Diaar 5;;;
8400006;;;;;;https://www.google.com/maps?q=24.79367176,46.61885895;Diaar 6;;;
8400007;;;;;;https://www.google.com/maps?q=24.78800949,46.62555977;Diaar 7;;;
8400008;;;;;;https://www.google.com/maps?q=24.79392227,46.6180737;Diaar 8;;;
8400009;;;;;;https://www.google.com/maps?q=24.69198141,46.80364065;Diaar 9;;;
8400010;;;;;;https://www.google.com/maps?q=24.76494522,46.70694742;Diaar 10;;;
8400011;;;;;;https://www.google.com/maps?q=24.78187829,46.73637828;Diaar 11;;;
8400012;;;;;;https://www.google.com/maps?q=24.74284817,46.6905161;Diaar 12;;;
8400013;;;;;;https://www.google.com/maps?q=24.69913654,46.76403566;Diaar 13;;;
8400014;;;;;;https://www.google.com/maps?q=24.83276058,46.75446659;Diaar 14;;;
8400015;;;;;;https://www.google.com/maps?q=24.7659309,46.72470912;Diaar 15;;;
8400016;;;;;;https://www.google.com/maps?q=24.69091973,46.79712573;Diaar 16;;;
8400017;;;;;;https://www.google.com/maps?q=24.80435841,46.74717249;Diaar 17;;;
8400018;;;;;;https://www.google.com/maps?q=24.82955287,46.73788625;Diaar 18;;;
8400019;;;;;;https://www.google.com/maps?q=24.84448643,46.67718068;Diaar 19;;;
8400020;;;;;;https://www.google.com/maps?q=24.82828686,46.59308661;Diaar 20;;;
8400021;;;;;;https://www.google.com/maps?q=24.83146922,46.73310853;Diaar 21;;;
8400022;;;;;;https://www.google.com/maps?q=24.8389807,46.66874444;Diaar 22;;;
8400023;;;;;;https://www.google.com/maps?q=24.83868383,46.68363158;Diaar 24;;;
8400024;;;;;;https://www.google.com/maps?q=24.68264122,46.79510612;Diaar 25;;;
8400025;;;;;;https://www.google.com/maps?q=24.78126984,46.63182543;Diaar 26;;;
8400026;;;;;;https://www.google.com/maps?q=24.78679234,46.6714941;Diaar 27;;;
8400027;;;;;;https://www.google.com/maps?q=24.73809643,46.75474092;Diaar 28;;;
8400028;;;;;;https://www.google.com/maps?q=24.78725484,46.67112073;Diaar 29;;;
4500002;;;;;;https://www.google.com/maps?q=24.88835831,46.65411754;Calma 10;;;
4500003;;;;;;https://www.google.com/maps?q=24.8615455,46.8116711;Calma 11;;;
4500004;;;;;;https://www.google.com/maps?q=24.90875587,46.85784052;Calma JN130;;;
4500005;;;;;;https://www.google.com/maps?q=24.85126121,46.65824637;Calma NR150&NR160;;;
4500006;;;;;;https://www.google.com/maps?q=24.81532404,46.62985579;Calma YS170;;;
4500007;;;;;;https://www.google.com/maps?q=24.79209544,46.74140651;Calma SH90;;;
2600002;;;;;;https://www.google.com/maps?q=24.6750939,46.69809401;Al Olaya Residential Tower;;;
2600003;;;;;;https://www.google.com/maps?q=24.7581559,46.64676526;Al Adwan Residential Tower;;;
2600004;;;;;;https://www.google.com/maps?q=24.83032395,46.59560731;Al Qirawan Building;;;
2600005;;;;;;https://www.google.com/maps?q=24.68135719,46.70846625;Sanam Tower;;;
2600006;;;;;;https://www.google.com/maps?q=24.78376813,46.74685519;Signature;;;
4600002;;;;;;https://www.google.com/maps?q=24.69445932,46.68241302;Sukun Tower;;;
4600003;;;;;;https://www.google.com/maps?q=24.74091734,46.64834122;Jahez;;;
3800002;;;;;;https://www.google.com/maps?q=24.69371171,46.68319583;Jatheer Tower;;;
600001;;;;;;https://www.google.com/maps?q=24.8671436,46.75078044;Elie Saab;;;
600002;;;;;;https://www.google.com/maps?q=24.81992702,46.53948748;Shams;;;
2300003;;;;;;https://www.google.com/maps?q=24.76757746,46.56732436;Palms Villas;;;
2300004;;;;;;https://www.google.com/maps?q=24.76739441,46.57097436;Gardens Villas;;;
2300005;;;;;;https://www.google.com/maps?q=24.77091931,46.56819073;Hills Residential Villas;;;
2300006;;;;;;https://www.google.com/maps?q=24.77152698,46.56541327;Palm View ofiices;;;
2300007;;;;;;https://www.google.com/maps?q=24.77118173,46.57332127;Albasateen Offices;;;
12400001;;;;;;https://www.google.com/maps?q=24.71943442,46.66605033;Khawalid 1;;;
12400002;;;;;;https://www.google.com/maps?q=24.8119798,46.6044694;Khawalid 4;;;
12400003;;;;;;https://www.google.com/maps?q=24.73158642,46.60446047;Khawalid 7;;;
12400004;;;;;;https://www.google.com/maps?q=24.75102111,46.65873016;Khawalid 8;;;
12400005;;;;;;https://www.google.com/maps?q=24.82987454,46.62896772;Khawalid 9;;;
12400006;;;;;;https://www.google.com/maps?q=24.75051552,46.58833681;Khawalid 10;;;
12400007;;;;;;https://www.google.com/maps?q=24.71137628,46.63960463;Khawalid 11;;;
12400008;;;;;;https://www.google.com/maps?q=24.69734695,46.6935515;Khawalid 12;;;
12400009;;;;;;https://www.google.com/maps?q=24.78187584,46.82720272;Khawalid 13;;;
12400010;;;;;;https://www.google.com/maps?q=24.86559982,46.63494485;Khawalid 15;;;
12500001;;;;;;https://www.google.com/maps?q=24.87810742,46.64353991;Sekak Masharef;;;
12500002;;;;;;https://www.google.com/maps?q=24.88567466,46.63107586;Sekak Almuhrah;;;
12500003;;;;;;https://www.google.com/maps?q=24.88053319,46.6492432;Sekak Telala;;;
12500004;;;;;;https://www.google.com/maps?q=24.7668073,46.65656304;Sekak Alghadeer;;;
10700005;;;;;;https://www.google.com/maps?q=24.82000602,46.80253068;Najd One;;;
12600001;;;;;;https://www.google.com/maps?q=24.81430603,46.59292539;Nayan 4845;;;
12600002;;;;;;https://www.google.com/maps?q=24.79156614,46.62234249;Nayan 3832;;;
12600003;;;;;;https://www.google.com/maps?q=24.79605195,46.61339674;Nayan 2909;;;
12600004;;;;;;https://www.google.com/maps?q=24.82031019,46.58536035;Nayan 3569;;;
12600005;;;;;;https://www.google.com/maps?q=24.82239576,46.62681505;Nayan 3299;;;
12600006;;;;;;https://www.google.com/maps?q=24.83854721,46.75424844;Nayan 7580;;;
12600007;;;;;;https://www.google.com/maps?q=24.79876987,46.62217217;Nayan 3794;;;
12600008;;;;;;https://www.google.com/maps?q=24.86076232,46.66153197;Nayan 3839;;;
12600009;;;;;;https://www.google.com/maps?q=24.85002738,46.65273717;Nayan 2880;;;
12600010;;;;;;https://www.google.com/maps?q=24.81247758,46.61200169;Nayan 7119;;;
12600011;;;;;;https://www.google.com/maps?q=24.81262205,46.61235943;Nayan 7110;;;
5700001;;;;;;https://www.google.com/maps?q=24.87677214,46.65248873;Alkhoyool 58;;;
5700002;;;;;;https://www.google.com/maps?q=24.87103986,46.64550039;Alkhoyool Sakina 9;;;
5700003;;;;;;https://www.google.com/maps?q=24.87042637,46.64404195;Alkhoyool Uptown;;;
5700004;;;;;;https://www.google.com/maps?q=24.87221986,46.64830141;Alkhoyool Uptown;;;
5700005;;;;;;https://www.google.com/maps?q=24.87179385,46.64713681;Alkhoyool Sakina 10;;;
6100001;;;;;;https://www.google.com/maps?q=24.73793771,46.62877579;U walk;;;
6100002;;;;;;https://www.google.com/maps?q=24.69568911,46.72841629;The View;;;
6100003;;;;;;https://www.google.com/maps?q=24.55841073,46.63728229;Salaam mall;;;
6100004;;;;;;https://www.google.com/maps?q=24.7717959,46.66870117;Tala mall;;;
6100005;;;;;;https://www.google.com/maps?q=24.69836523,46.62997971;Jewel of Riyadh;;;
6100006;;;;;;https://www.google.com/maps?q=24.76772141,46.71536501;Al Nakheel Mall;;;
6100007;;;;;;https://www.google.com/maps?q=24.77422874,46.77600548;Al Hamra Mall;;;
12700001;;;;;;https://www.google.com/maps?q=24.78171996,46.63861713;Garden Tower;;;
12700002;;;;;;https://www.google.com/maps?q=24.84183293,46.75747979;Green Oasis;;;
12700003;;;;;;https://www.google.com/maps?q=24.857425,46.79240003;Sama;;;
12800001;;;;;;https://www.google.com/maps?q=24.79675402,46.63267197;Valen Tower;;;
12800002;;;;;;https://www.google.com/maps?q=24.71348575,46.78536579;Lumera;;;
12800003;;;;;;https://www.google.com/maps?q=24.87744728,46.62971051;V compound;;;
12100001;;;;;;https://www.google.com/maps?q=24.82010196,46.62022904;Al-Joud COMPLEX 1368;;;
12100002;;;;;;https://www.google.com/maps?q=24.73967828,46.6904662;Dura Aljoud Towers;;;
12100003;;;;;;https://www.google.com/maps?q=24.81426583,46.62142775;1383 COMPLEX;;;
900001;;;;;;https://www.google.com/maps?q=24.96847265,46.83454295;Alasila;;;
900002;;;;;;https://www.google.com/maps?q=24.92669225,46.7888369;Altameer;;;
900003;;;;;;https://www.google.com/maps?q=24.80345611,46.62740667;Sumou park;;;
12900001;;;;;;https://www.google.com/maps?q=24.91812188,46.91839942;Future City & Asdaam project;;;
12900002;;;;;;https://www.google.com/maps?q=24.90708919,46.90083163;Riyadh Grove;;;
12900003;;;;;;https://www.google.com/maps?q=24.90592762,46.95298667;East Gate;;;
12900004;;;;;;https://www.google.com/maps?q=24.79136746,46.75348645;Granada housing scheme;;;
13000001;;;;;;https://www.google.com/maps?q=24.82906282,46.7365874;Antiquity 1;;;
13000002;;;;;;https://www.google.com/maps?q=24.82855103,46.73603795;Antiquity 2;;;
13000003;;;;;;https://www.google.com/maps?q=24.82194388,46.60631001;Antiquity 4;;;
13000004;;;;;;https://www.google.com/maps?q=24.75995903,46.65294842;Mandevilla 9;;;
13000005;;;;;;https://www.google.com/maps?q=24.89916783,46.62014299;Rasf Araqah 11;;;
13000006;;;;;;https://www.google.com/maps?q=24.82854639,46.67772302;Infinity 14;;;
13000007;;;;;;https://www.google.com/maps?q=24.82650563,46.6787639;Infinity 16;;;
13000008;;;;;;https://www.google.com/maps?q=24.77160877,46.70970829;Antiquity 18;;;
13000009;;;;;;https://www.google.com/maps?q=24.84270271,46.68158639;Yard 19;;;
13000010;;;;;;https://www.google.com/maps?q=24.68499353,46.64570346;Mandevilla 20;;;
13000011;;;;;;https://www.google.com/maps?q=24.87702975,46.64868785;Yard 21;;;
13000012;;;;;;https://www.google.com/maps?q=24.77424235,46.56799947;Elite 23 Antiquity;;;
13000013;;;;;;https://www.google.com/maps?q=24.77386941,46.56810866;Elite 24 Antiquity;;;
13000014;;;;;;https://www.google.com/maps?q=24.75977475,46.65224143;Rasf Tower;;;
4000002;;;;;;https://www.google.com/maps?q=24.89429489,46.65246191;Safwat Alnarges;;;
13100001;;;;;;https://www.google.com/maps?q=24.72936447,46.66946206;Business Yard;;;
13100002;;;;;;https://www.google.com/maps?q=24.72728467,46.65122855;LEX;;;
13100003;;;;;;https://www.google.com/maps?q=24.75655875,46.65377408;SKYLINE;;;
13100004;;;;;;https://www.google.com/maps?q=24.753239,46.63949457;Takamul;;;
13100005;;;;;;https://www.google.com/maps?q=24.7772208,46.68339518;Sigma;;;
13100006;;;;;;https://www.google.com/maps?q=24.74869452,46.71203134;Heyazah Gate;;;
13100007;;;;;;https://www.google.com/maps?q=24.74363073,46.72438821;WAHA Gate;;;
13100008;;;;;;https://www.google.com/maps?q=24.74546963,46.70751669;WAHA Waves;;;
13100009;;;;;;https://www.google.com/maps?q=24.67602959,46.78293143;Heyazah Compound;;;
13100010;;;;;;https://www.google.com/maps?q=24.76570955,46.70251405;Roofs Villas;;;
13100011;;;;;;https://www.google.com/maps?q=24.83377021,46.6329893;S Tower;;;
13100012;;;;;;https://www.google.com/maps?q=24.73162701,46.6712849;Prime Square;;;
13200001;;;;;;https://maps.app.goo.gl/46eV1MFG9g6JLXYJ9;Kings Gate;;;
13200002;;;;;;https://maps.app.goo.gl/qbRVMxhA6iHen7vJA;Raise;;;
13200003;;;;;;;Nawat Rise;;;
13200004;;;;;;https://maps.app.goo.gl/bFuudXnQ1Ccic7D89;Nawat Tower;;;
13200005;;;;;;;Al Badi'ah Center;;;
13200006;;;;;;;Anas ibn Malik Center;;;
13200007;;;;;;;Allia 1;;;
13200008;;;;;;;Rasen Center;;;
13200009;;;;;;;Tuwaiq Center;;;
13200010;;;;;;;Business center;;;
13200011;;;;;;;Trip center;;;
13200012;;;;;;;Center of Excellence;;;
13200013;;;;;;;Palm Center;;;
13200014;;;;;;;Al Sabala Union;;;
13200015;;;;;;;Al Sabala Center;;;
13200016;;;;;;;North Residence;;;
13200017;;;;;;;North Apart;;;
13200018;;;;;;;Allia +;;;
13200019;;;;;;;Stone;;;
13300001;;;;;;https://maps.app.goo.gl/z4qVGo9jueVZGUcH6;Four Seasons Hotel & Private Residences Jeddah;;;
13300002;;;;;;;Atlantis;;;
13300003;;;;;;;One&Only;;;
6800002;;;;;;https://maps.app.goo.gl/fJyCV6XnQCyRLXbz7;Shetal Tower;;;
6800003;;;;;;https://maps.app.goo.gl/5dFFtTo1io79b4eVA;Abyatona Rise;;;
6800004;;;;;;https://maps.app.goo.gl/cuAttVviZX3xi2hE8;Abyatona Rivora;;;
9700002;;;;;;https://maps.app.goo.gl/mosFe5k5M3k7FSWh7;Ezdihar Hills;;;
9700003;;;;;;https://maps.app.goo.gl/RBXnk54cJZLNKfFt5;Ezdihar Park;;;
9700004;;;;;;https://maps.app.goo.gl/PLAqTQSCHed8pyuc6;Jeddah Cove;;;
