developer_id;project_id;Project_name_EN;Project_name_SA;Status;Type;brochure;website
100000;100001;Retal Heights;ريتال هايتس;planned;Apartments;;https://retal.com.sa/en/properties/retal-heights/
200000;200001;Makanah;مكانة;ongoing;Apartments;https://drive.google.com/file/d/1ePYeMpg7ZjEAG9_d_KVEQcA8YFLjo22Q/view?usp=sharing;https://almajdiah.com/projects/210
300000;300001;First Projects Tower, Al-Sahafa District;برج المشاريع الأولى حي الصحافة;ongoing;Apartments;https://drive.google.com/file/d/1fjFekGr7edOUaiofhk94dM344-0VOT0b/view?usp=drive_link;https://almashria.com/en/portfolio-item/first-projects-towers/
300000;300002;First Projects Tower, Al-Olya District;برج المشاريع الأولى حي العليا;ongoing;Apartments;https://drive.google.com/drive/folders/1mtY18wcdWk54LaLHFpyif7KIipM6Z3NB?usp=drive_link;https://almashria.com/en/portfolio-item/first-projects-sky/
400000;400001;Osus Eye;عين أسس;ongoing;Apartments;https://drive.google.com/drive/folders/1S-39gRLfbfjXpbeMO34xyhtpSKcRpoBb?usp=drive_link;https://osus.com.sa/en/projects/osus-eye/
4600000;4600001;Thuraya Tower;برج الثريا;ongoing;Apartments;https://drive.google.com/file/d/1ECXrVh7v9OsJ1iwYABu2ANwhHnECnHnR/view?usp=sharing;https://www.madaproperties.sa/en/projects/thuraya-tower
3600000;3600001;I-Qube Tower;اي كيوب;ongoing;Apartments;https://drive.google.com/file/d/110WrgRTXaGy4YrqIDipBBTHYpGIJ2O2K/view?usp=sharing;https://www.madaproperties.sa/en/projects/i-queb-tower
3700000;3700001;Malfa Tower;برج ملفى;ongoing;Apartments;https://drive.google.com/file/d/1RFoRWym3cRSY9HZsOBEv8xR1yoI3naIi/view?usp=drive_link;https://www.madaproperties.sa/en/projects/malfa-tower
2700000;2700008;Centrina;ذا سنترينا;ongoing;Apartments;https://drive.google.com/file/d/1kTJkfeN99Vq0cRfpud4eulpFM4rE8UVZ/view?usp=sharing;https://www.thecentrina.sa/
4300000;4300001;Centra Tower;سنترا تاور;ongoing;Apartments;https://drive.google.com/file/d/1BxgCPKScAiYN9Pv41yiPc18afbRMSEiC/view?usp=sharing;https://www.madaproperties.sa/en/projects/centra-tower
4100000;4100001;Urubah Tower;برج عروبة;ongoing;Apartments;https://drive.google.com/file/d/1YFOvB5cAZIvVksGAsU13IfF2774qcAao/view?usp=drive_link;https://urubah.sa/en/projects/urubah-tower/
4200000;4200001;Summit Tower;برج صمد ;ongoing;Apartments;https://drive.google.com/file/d/1XviTk2dTpPtMxnhDGTwL0iAt8446tcxj/view?usp=drive_link;https://www.madaproperties.sa/en/projects/summit-tower
2900000;2900004;Sufana 5&6;سفانة 5-6;ongoing;Apartments;https://drive.google.com/file/d/1aK6192xQ0HS175Qq5_9JU_H1LLxNLfEg/view?usp=sharing;https://www.madaproperties.sa/en/projects/sufana-5-and-6-residential-tower
3000000;3000001;Rayah Tower;برج راية;ongoing;Apartments;https://drive.google.com/drive/folders/1Vf8ug-mpwlolm3kbJVvRfPXDi2RTrsxG?usp=drive_link;https://www.madaproperties.sa/en/projects/rayah-tower
3900000;3900001;Naya Tower;نايا تاور;ongoing;Apartments;https://drive.google.com/drive/folders/1Vf8ug-mpwlolm3kbJVvRfPXDi2RTrsxG?usp=drive_link;https://nayarealty.sa/مشاريع/?project=strata-tower
4000000;4000001;Anan View Tower;برج عنان فيو;ongoing;Apartments;https://drive.google.com/file/d/1y8Q8yvKDrCe0oz4Jkn7Z0KXPjrasgKIr/view?usp=sharing;https://anan.com.sa/project-details/5
4700000;4700001;Mena Rise Tower;برج مينا رايز;ongoing;Apartments;https://drive.google.com/drive/folders/1R9mTqQuz6NPPoXXMNBdXat1vVdN4Hc9f?usp=drive_link;https://rakez.sa/en/project/16055/
4400000;4400001;Horizon Tower;برج هورايزن;ongoing;Apartments;https://drive.google.com/file/d/1G73U0xIifsoNLBsAso2a2YSE4RTQ8fyP/view?usp=sharing;https://www.madaproperties.sa/en/projects/horizon-tower
4500000;4500001;Calma Al Sahafah Tower;برج الصحافة كالما;ongoing;Apartments;https://drive.google.com/file/d/1ZGe0cIAmWeVB6WavET1yd1y7xmPMBhOH/view?usp=sharing;
1500000;1500001;Lavie Yard;لا ڤي يارد العليا;ongoing;Apartments;https://drive.google.com/file/d/1vj_k5yTJ31GSWAG-gbQdJBy-lovjy5Jk/view?usp=sharing;
1500000;1500002;Elevee;;ongoing;Apartments;https://drive.google.com/file/d/1zW5OTjYtZp0Vk-rBO7UhyN4XI7GoEIsn/view?usp=sharing;
2200000;2200001;Live in Liwan;ليڤن ليوان;ongoing;Apartments;https://drive.google.com/file/d/1rzW9Rs48IV1J6-DMN1ZupltlxD5MOIRa/view?usp=sharing;https://liwan.sa/home-en.html#location
3400000;3400001;Elite Tower;برج إيليت;ongoing;Apartments;https://drive.google.com/file/d/1RZKfMIfU8LmkEGs1uVJ6-i1lMYJO3N5M/view?usp=drive_link;https://www.madaproperties.sa/project/elite-tower
3500000;3500001;V Tower;ڤي تاور;ongoing;Apartments;https://drive.google.com/file/d/1eEAUJ8klb2V_TIADaYClIW0GOgkQ0e0I/view?usp=drive_link;https://www.madaproperties.sa/project/v-tower
3200000;3200003;Royal Residence 2;رويال ريزيدنس 2;ongoing;Apartments;https://drive.google.com/file/d/159ZOA-iSRvIgcQz-_NvHKUW9K2U1o65e/view?usp=sharing;https://madaproperties.sa/project/royal-residence-2
2800000;2800001;Majestic;;ready;Apartments;https://drive.google.com/file/d/1Qp8C_8FimUJR5ljljevtI57oHX-r0_VL/view?usp=drive_link;https://www.madaproperties.sa/project/majestic-tower
3800000;3800001;Yamama City Center;يمامة سيتي سنتر;ongoing;Apartments;https://drive.google.com/file/d/1Qp8C_8FimUJR5ljljevtI57oHX-r0_VL/view?usp=drive_link;https://www.madaproperties.sa/project/yamama-city-center
2500000;2500004;Polaris;بولاريس;ongoing;Apartments;https://drive.google.com/file/d/1HOsVqAnP_w6pHvGchjhZQFAvTNd3HtQZ/view?usp=sharing;https://www.madaproperties.sa/project/polaris
2800000;2800002;Ivory Tower 1;برج آيڤوري 1;ready;Apartments;https://drive.google.com/file/d/1PsCH2ij9Xzdnh8cA0yyAqqyC0MqQqQtW/view?usp=sharing;https://www.madaproperties.sa/project/ivory-tower
2800000;2800003;Ivory Tower 2;برج آيڤوري 2;ongoing;Apartments;https://drive.google.com/file/d/1jaLrNJEk9yaujoVSg9zfsZczjTB2jsi-/view?usp=drive_link;https://www.madaproperties.sa/project/ivory-tower-ii
2800000;2800004;Ivory Tower 3;برج آيڤوري 3;ongoing;Apartments;https://drive.google.com/file/d/1JOSE8wpqBU5_oeNan1ap83YZTJyotGsW/view?usp=drive_link;https://www.madaproperties.sa/project/ivory-tower-3
3100000;3100001;Jood 3;جود 3;ready;Apartments;https://drive.google.com/file/d/1PC-Rw3-aVWc3jf9ybaB9-fhjlVYRevl6/view?usp=drive_link;https://www.horse-arch.com/glamour3-tower
3100000;3100002;Jood 4;جود 4;ready;Apartments;https://drive.google.com/file/d/1mvpYO5t0hv4nk7yLf87S0bLxwEpEHbyT/view?usp=drive_link;https://www.horse-arch.com/glamour4-tower
3100000;3100003;Jood 5;جود 5;ready;Apartments;https://drive.google.com/file/d/1nw0HPRmRFYHqYeX_sQbi-IPovAcgmLKM/view?usp=drive_link;https://www.horse-arch.com/jood5
3100000;3100004;Jood 6;جود 6;ongoing;Apartments;https://drive.google.com/file/d/1dfYspTgP1TdoUaISthVYwZGuulOKBl_w/view?usp=drive_link;https://www.horse-arch.com/jood-6
3100000;3100005;Jood 7;جود 7;ongoing;Apartments;https://drive.google.com/file/d/1tkNomroj53SRgG54i0IZEdO8EpklIxUE/view?usp=drive_link;https://www.horse-arch.com/jood7-tower
3100000;3100006;Jood 8;جود 8;ongoing;Apartments;https://drive.google.com/file/d/1h48yGoqkQI-IJo_JcHL1tncz-2MKVR95/view?usp=drive_link;https://www.horse-arch.com/jood-8
3100000;3100007;Jood 9;جود 9;ongoing;Apartments;https://drive.google.com/file/d/10dU34I3czYx0l3CPqbYXHrQD3d4ecsM0/view?usp=drive_link;https://www.horse-arch.com/jood-9
3200000;3200001;Royal Residence 1;رويال ريزيدنس;ready;Apartments;https://drive.google.com/file/d/1PBl52WA9lutC31sHG44cxiKrLuFOQcbI/view?usp=drive_link;https://madaproperties.sa/project/royal-residence
2800000;2800005;Balconia Tower;برج بلوكونيا;ongoing;Apartments;https://drive.google.com/file/d/1h71zYLIGmrGsU0TTuUwzHJcUqF_5N0Xd/view?usp=sharing;https://madaproperties.sa/project/balconia-tower
2900000;2900001;Sufana 4;برج ﺳﻔﺎﻧﺔ اﻟﺴﻜﻨﻲ 4;ongoing;Apartments;https://drive.google.com/file/d/1unoECPyFXP4sdBiB7P2fNdzKPtgj8rLs/view?usp=sharing;https://www.madaproperties.sa/project/sufana-residential-tower-4
2900000;2900002;Sufana 3;برج ﺳﻔﺎﻧﺔ اﻟﺴﻜﻨﻲ 3;ready;Apartments;https://drive.google.com/file/d/1yxxV3bn0YDOhtajQGdXkDcW4bfC6uaao/view?usp=sharing;https://madaproperties.sa/project/sufana-residential-t-ower-3
2900000;2900003;Sufana 2;برج ﺳﻔﺎﻧﺔ اﻟﺴﻜﻨﻲ 2;ready;Apartments;https://drive.google.com/file/d/1_u575Tg0vi3uzvZ6D_QPNkCtAez7cluM/view?usp=sharing;https://madaproperties.sa/project/sufana-residential-tower
3200000;3200002;Judya;برج جوديا السكني;ready;Apartments;https://drive.google.com/file/d/1RMmyxmfl8uzil5cA5Gyf3nRNoM5DhTlA/view?usp=sharing;https://madaproperties.sa/project/judya-residential-tower
2700000;2700001;Oval;ذا اوفل;ready;Apartments;https://drive.google.com/file/d/1vPlWSQJZk44hLEpPnKNhtHUuuKWvgGaa/view?usp=drive_link;https://mobtakeron.com.sa/projects/theoval/
2700000;2700002;M Residence Dabab;ميم ريزيدنس الضباب;ready;Apartments;https://drive.google.com/file/d/11an3Lz-798u0GFq2NqtL0g4GbRkxcfYC/view?usp=drive_link;https://mobtakeron.com.sa/projects/mresidencedabab/
2700000;2700003;M Residence North;ميم ريزيدنس نورث;ready;Apartments;https://drive.google.com/file/d/1TiLLd0jg3Vxkmzb-spk9dh1iec1KhRjq/view?usp=drive_link;https://mobtakeron.com.sa/projects/mresidencenorth/
2700000;2700004;M Residence South;ميم ريزيدنس ساوث;ready;Apartments;https://drive.google.com/file/d/1O9gC_4vh_RwInlz95ZAhHCFkIwDRmKCa/view?usp=drive_link;https://mobtakeron.com.sa/projects/mresidencesouth/
2700000;2700005;Riyadh Sentral;رياض سنترال;ready;Apartments;;https://mobtakeron.com.sa/projects/riyadhsentral/
2700000;2700006;Twin Towers;توين تاورز;ready;Apartments;https://drive.google.com/file/d/17Pgny3jYvdKzMrD7mH0lIjts3L1KPYoy/view?usp=drive_link;https://mobtakeron.com.sa/projects/twintowers/
2700000;2700007;Curves Residence;ذا كيرفز ريزيدنس;ongoing;Apartments;https://drive.google.com/file/d/1QxoWXv-uoMDGMmsoG57Ni_jznrfzt-dN/view?usp=drive_link;https://mobtakeron.com.sa/projects/thecurvesresidence/
3300000;3300001;Palms Residence Tower;برج بالمز ريزدنس;ready;Apartments;https://www.dropbox.com/scl/fi/b6j1yrmc09qa0a02ra25f/.pdf?rlkey=dxj31w4988v1x2c0322gscrzr&st=lfd9ep5i&raw=1;https://investorsvisions.com/en/projects/the-palms-residential-towers/
2500000;2500001;Alawaly Rise;برج العوالي رايز;ongoing;Office;https://drive.google.com/file/d/1y67Stdm0IhslZ3deZ6B7Utzxy-anXhph/view?usp=drive_link;https://www.madaproperties.sa/en/projects/al-awaly-offices
2500000;2500002;Alwaly Business Center;العوالي مركز الأعمال;ongoing;Office;https://drive.google.com/file/d/1Rz0XHLhldqwQLWOc8pT8WUVXU9hKf1qt/view?usp=drive_link;https://www.madaproperties.sa/en/projects/alawali-business-center
2500000;2500003;Alawaly Tower;برج العوالي;ongoing;Office;https://drive.google.com/file/d/1j4Pej8NLsJU_GJdXx7F7vAr3yZUUzxf1/view?usp=drive_link;https://www.madaproperties.sa/en/projects/alawali-tower
2600000;2600001;Al Adwan Offfice Tower;برج العدوان;ongoing;Office;https://drive.google.com/file/d/11sU3gTnzFJLNIrswkpI-9fbRgE7w9Jjt/view?usp=drive_link;https://www.madaproperties.sa/en/projects/al-adwan-tower
400000;400002;Osus Prime;اسس برايم;ongoing;Apartments;https://drive.google.com/file/d/1s8fwW_i2Ixq5-Pm-s0vzhm329A27jtTX/view?usp=drive_link;https://osus.com.sa/en/projects/osus-prime/
400000;400003;Osus Makan;اسس مكان;ongoing;Apartments;https://drive.google.com/file/d/1tY5tDM54YGW4mwYdGBqkkvkmvD8s6epN/view?usp=drive_link;https://osus.com.sa/en/projects/osus-makan/
400000;400004;Osus Edge;اسس ايدج ;ready;Office;https://drive.google.com/file/d/1btNMUaX6rAtI0SwgtA7cB2MfSptu5BRd/view?usp=drive_link;https://osus.com.sa/en/projects/osus-edge/
400000;400005;Osus Green Tower;اسس جرين تاور;ongoing;Office;https://drive.google.com/file/d/1HnDWJvVApSYVLzAn9rNFsfduSvDyPDRD/view?usp=sharing;https://osus.com.sa/en/projects/osus-green-tower/
2700000;2700009;Meem Heights;ميم هايتس;planned;Apartments;;https://www.meemheights.com/
400000;400006;Sajaya by OSUS;سجايا من أسس;ongoing;Villas;https://drive.google.com/file/d/1TIfka8uE0g6rsjbcSy-buhoCPZEGFWjM/view?usp=sharing;https://osus.com.sa/en/project/sajaya-from-osus/
1300000;1300001;Eyal Al-Khuzam;إيال الخزام;ongoing;Villas;https://alhabibinv.aflip.in/Eyal-khuzam1.html#page/1;https://www.alhabibinv.com/projects/details/47/eyal-khuzam-1/en
1300000;1300002;Eyal Al Fursan;إيال الفرسان;ongoing;Villas;https://alhabibinv.aflip.in/Eyal_Alfursan.html;https://www.alhabibinv.com/projects/details/39/eyal-al-fursan/en
1300000;1300003;Ala Al-Yasmin;علا الياسمين;;;;
1300000;1300004;Kaheel;كحيل;ongoing;Apartments;https://alhabibinv.aflip.in/kaheel-en.html#page/1;https://www.alhabibinv.com/projects/details/12/kaheel/en
1300000;1300005;Eyal Al Asala;إيال الأصالة;ready;Villas;;https://www.alhabibinv.com/projects/details/45/eyal-al-asalah/en
1300000;1300006;Enar;إينار;planned;Apartments;;https://www.alhabibinv.com/projects/details/46/enar/en
2500000;2500004;Andalus Commercial Complex;مجمع الاندلس التجاري;;;;
200000;200002;Al Majdiah 165;الماجدية 165;ongoing;Apartments;;https://almajdiah.com/projects/216
200000;200003;Al Majdiah 173;الماجدية 173;ongoing;Apartments;https://drive.google.com/file/d/14MtkXi7bVqqnSYb6UpQW32dcBfWmqtB8/view;https://almajdiah.com/projects/227
200000;200004;Al-Mashriqiyah 2;المشرقية2;ongoing;Apartments;https://drive.google.com/file/d/1URJ1NEbyvl-Om3MSm9tW3GVTmTiCxvt6/view;https://almajdiah.com/projects/221
200000;200005;Al Majdiah 171;الماجدية  171;ongoing;Apartments;https://drive.google.com/file/d/1pq9i3gbHhQbKGO8Ar-wWy6KQRHUuof3C/view;https://almajdiah.com/projects/225
200000;200006;Al Majdiah 170;الماجدية 170;ongoing;Apartments;https://drive.google.com/file/d/1kJawghrmwNgIUWFIpO79NENNyka6Celt/view;https://almajdiah.com/projects/224
200000;200007;Al Majdiah 178;الماجدية 178;ongoing;Apartments;https://drive.google.com/file/d/1im5ZSkX_GdxM00axW7e_xsnmTbrNOhWb/view?usp=drive_link;https://almajdiah.com/projects/234
200000;200008;Al-Mashriqiyah 1;المشرقية 1;ongoing;Apartments;https://drive.google.com/file/d/1ZI2XLI_uu7XMa-Z6pPOJhsrGOGLbU-XQ/view;https://almajdiah.com/projects/214
200000;200009;Al Majdiah 174;الماجدية 174;ongoing;Apartments;https://drive.google.com/file/d/1T_yqW5ZLbaa8gKSw0Nzn5CFSs7BJA8hG/view?usp=sharing;https://almajdiah.com/projects/229
200000;200010;Al Majdiah 166;الماجدية 166;ongoing;Villas;https://drive.google.com/file/d/1h-HCr_TJvmAlvUBK33n1rdJ3qvDR-MGK/view?usp=sharing;https://almajdiah.com/projects/218
200000;200011;Al Majdiah 183;الماجدية 183;ongoing;Apartments;https://drive.google.com/file/d/1im5ZSkX_GdxM00axW7e_xsnmTbrNOhWb/view?usp=drive_link;https://almajdiah.com/projects/239
1500000;1500003;Opal;أوبال;ongoing;Villas;;
4800000;4800001;Wakan 41;وكن 41;ready;Viilas/Floors;https://drive.google.com/file/d/1ASr1oGSMD-miAMaonRPBHhRDs_dOsJN7/view?usp=drive_link;https://wakan.sa/EstateProjects/Detail/30079
4800000;4800002;Wakan 36;وكن 36;ongoing;Office;https://drive.google.com/file/d/1I44FVRpAsRVuUdPkguQbZ7mqwsQL_2vg/view?usp=sharing;
4800000;4800003;Wakan 42;وكن 42;ongoing;Apartments;https://drive.google.com/file/d/1jtZ8QAPu5xB48knSF0D6uZHLwHpR8ZkL/view?usp=drive_link;
4800000;4800004;Wakan 038;وكن 038;ready;Villas/Townhouses;https://drive.google.com/file/d/1J7neTjbRWs7-hG266amqadrT5i0qk3W4/view?usp=drive_link;https://wakan.sa/EstateProjects/Detail/30069
4800000;4800005;Wakan 39;وكن 39;ongoing;Villas/Townhouses;https://drive.google.com/file/d/1hkzgG8uzRPOCjaQ8X1YU9p2vNmsg-7iF/view?usp=drive_link;
4800000;4800006;Wakan 46;وكن 46;ongoing;Floors;https://drive.google.com/file/d/1lMUBC9gnua4EK9xbdaUoUs-5o7UwGFjW/view?usp=drive_link;
4800000;4800007;Wakan 45;وكن 45;ongoing;Apartments;https://drive.google.com/file/d/19JMPx318KorIKGnk-LRWnWPf3veDejI5/view?usp=sharing;
4800000;4800008;Wakan 40;وكن 40;ongoing;Office;https://drive.google.com/file/d/1pjEvyCT8ONet7VkouyPcQOLiy4pyjbYt/view?usp=drive_link;
1100000;1100001;Safa Al Fursan;صفا الفرسان;ongoing;Apartments;https://drive.google.com/file/d/1PiiSBuIyw_ThCx8amX8vIrnmxnJWT0Jm/view?usp=drive_link;https://safainv.sa/en/project/77
1100000;1100002;Safa 78;صفا 78;ongoing;Apartments;;https://safainv.sa/project/44
1100000;1100003;Safa 80;صفا 80;ongoing;Apartments;https://drive.google.com/file/d/1RRk04ll7u0atZ2tQaS4bTudxHXLaoyUq/view?usp=drive_link;https://safainv.sa/project/57
1100000;1100004;Safa 82;صفا 82;ongoing;Townhouses;https://drive.google.com/drive/folders/1CvUM-DpZCli7qqzg4-adcJxua9uTYPkz?usp=drive_link;https://safa-dev.jigsawme.io/en/project/58
100000;100002;Ewan Sedra;ايوان سدرة ;ongoing;Villas;https://drive.google.com/file/d/16fq_Px2BoMaOIvQY7OHVgstQTqLLTf9V/view?usp=sharing;https://retal.com.sa/en/properties/ewan-sedra/
100000;100003;Ewan Khuzam;ايوان خزام;ongoing;Villas;https://drive.google.com/file/d/1gvIs_l2Kpv7UzU6BfqC7dHWWXyQ27_sc/view?usp=drive_link;https://retal.com.sa/en/properties/ewan-khuzam/
100000;100004;Roya Sedra;رويا سدرة;ongoing;Apartments;https://drive.google.com/file/d/1d62FdgS02gzUpLW_vueCPUwA7V18AvzA/view?usp=sharing;https://retal.com.sa/en/properties/roya-sedra/
100000;100005;Nassaj Town Al Fursan;نساج تاون الفرسان;ongoing;Villas;https://drive.google.com/file/d/1Zsoko_YpHMz6iDDytVPULVLtwKoV6HeQ/view?usp=sharing;https://retal.com.sa/en/properties/nesaj-town-al-fursan/
4900000;4900001;Dyar Alharam;ديار الحرم;ongoing;Apartments;https://drive.google.com/file/d/18tdjQMjFmyGjBxL0VItKQ4cLzW7fDgaX/view?usp=sharing;https://arabiandyar.sa/communities/dyar-al-haram/
2000000;2000001;Aleen 88;ألين 88;ready;Apartments;https://drive.google.com/file/d/1vmAuFMQEoj1CJeKYamZ65jfaz86kDMVA/view?usp=sharing;https://aleen.cc/Upload/88/details.pdf
2000000;2000002;Aleen 90;ألين 90;ready;Apartments;;https://aleen.cc/Upload/90/details.pdf
2000000;2000003;Aleen 96;ألين 96;ready;Apartments;;https://aleen.cc/Upload/96/details.pdf
2000000;2000004;Aleen 102;ألين 102;ready;Apartments;https://drive.google.com/file/d/1uzu-wAUkLWrIcqx5XTCT0I8v5EFcx5nQ/view?usp=sharing;https://aleen.cc/Upload/102/details.pdf
2000000;2000005;Aleen 104;ألين 104;ready;Apartments;;https://aleen.cc/Upload/104/details.pdf
2000000;2000006;Aleen 112;ألين 112;ongoing;Apartments;https://drive.google.com/file/d/1CCmSxpVrijQtTGvcl_95phPPcz5JA4E5/view?usp=sharing;https://aleen.cc/Upload/112/details.pdf
2000000;2000007;Aleen 120;ألين 120;ready;Apartments;;https://aleen.cc/Upload/120/details.pdf
2000000;2000008;Aleen 122;ألين 122;ongoing;Apartments;https://drive.google.com/file/d/1R5NtAvwG7AKUPUTTeaMG5namK6Ozysut/view?usp=sharing;https://aleen.cc/Upload/122/details.pdf
2000000;2000009;Aleen 126;ألين 126;ongoing;Apartments;https://drive.google.com/file/d/1CKob3NG__q-JKAfKnzuWxRyDRCTwKuq8/view?usp=sharing;https://aleen.cc/Upload/126/details.pdf
2000000;2000010;Aleen 130;ألين 130;ongoing;Apartments;https://drive.google.com/file/d/1sJydtnFwSaVtd8uCeETPbPkVzHj9E1cL/view?usp=sharing;https://aleen.cc/Upload/130/details.pdf
2000000;2000011;Aleen 138;ألين 138;ongoing;Apartments;https://drive.google.com/file/d/19yoFNG4Fvm_qJ8qQYjXlEPXI8vRkoDzQ/view?usp=sharing;https://aleen.cc/Upload/138/details.pdf
2000000;2000012;Aleen 142;ألين 142;ongoing;Apartments;https://drive.google.com/file/d/11Rogv5urxsCmJvtBWLWKloKVOC3Wvbm2/view?usp=sharing;https://aleen.cc/Upload/142/details.pdf
2000000;2000013;Aleen 144;ألين 144;ongoing;Apartments;https://drive.google.com/file/d/11zOAECeppH3EY4rbyrUeSAO4t0XKrQJ-/view?usp=sharing;https://aleen.cc/Upload/144/details.pdf
2000000;2000014;Aleen 146;ألين 146;ongoing;Apartments;https://drive.google.com/file/d/1vV_wMpbnUzyEpDYW7LewzC9ayEBDjjaj/view?usp=sharing;https://aleen.cc/Upload/146/details.pdf
2000000;2000015;Aleen 154;ألين 154;ongoing;Apartments;https://drive.google.com/file/d/1thvWMnQUsGl9bs-gOlPjv5-maXTLVX6z/view?usp=sharing;https://aleen.cc/Upload/154/details.pdf
400000;400007;Osus Alpha;أسس ألفا;ready;Office;https://drive.google.com/file/d/1y7N2IBCXEhNYO3WW_oeaiZseebdP4eV_/view?usp=drive_link;https://osus.com.sa/en/projects/osus-alpha/
1200000;1200001;Raffles Residences Jeddah;رافلز ريزيدنس جدة;ongoing;Apartments;;https://erth.sa/properties/raffles-residences-jeddah/
1200000;1200002;MASAR-MAAB;مشروع مسار;planned;Apartments;;https://erth.sa/properties/masar-maab-residential/
1200000;1200003;THEE ERTH;ذي إرث;planned;Apartments;;https://erth.sa/properties/thee-erth/
1200000;1200004;Ezla Residential;مساكن إزلا;ready;Apartments;;https://erth.sa/properties/ezla-residence/
1200000;1200005;Fayan Offices;مشروع فيان المكتبي;;Office;;https://erth.sa/properties/qumra-offices/
2400000;2400001;Sadan Residence;سدن ريزيدنس;ongoing;Apartments;;https://www.tazayud.sa/en/hayat-communities/sadan
2400000;2400002;Hayat Rise Al Murooj;حياة رايز المروج;ongoing;Apartments;;https://www.tazayud.sa/en/hayat-communities/hayat-rise-al-murooj
2300000;2300001;Al Basateen Tower;;planned;Mixed-use;;
2300000;2300002;King's Square;كينغز سكوير;ongoing;Mixed-use;;https://albasateen.sa/our-projects/kings-square/
1100000;1100006;Safa 99;صفا 99;ongoing;Mixed-use;;https://safainv.sa/project/144
6200000;6200001;Makeen 63;مكين 63;ready;Apartments;https://drive.google.com/file/d/11xflN_J5UR_ep3ZnTS0XXD1o6EyCj7i5/view?usp=drive_link;https://asasmakeen.com/en/u/pu/3/42/makeen-63
6200000;6200002;Makeen 64;مكين 64;ready;Apartments;https://drive.google.com/file/d/134Olx9U2gW-ekj1YKxEuE2-hm4QDZAN9/view?usp=drive_link;https://asasmakeen.com/en/u/pu/3/43/makeen-64
6200000;6200003;Makeen 66;مكين 66;ready;Apartments;https://drive.google.com/file/d/19_UGP84j4PJo0i5Uqsp8Mw7nM1ZkAgjT/view?usp=drive_link;https://asasmakeen.com/en/u/pu/3/45/makeen-66
6200000;6200004;Al-mashriqya;;ongoing;Apartments;https://drive.google.com/file/d/1DxOwrFnxPV6SVC0wsmGW4xmaApMl1Bp5/view?usp=drive_link;https://asasmakeen.com/en/u/pu/3/51/al-mashriqya-riyadh
6200000;6200005;Makeen 72;مكين 72;ongoing;Apartments;https://drive.google.com/file/d/1IE_aGhk0Jls2V_CPDdvZWd8D8wg6pIy7/view?usp=drive_link;https://asasmakeen.com/en/u/pu/3/50/makeen-72
6200000;6200006;Sana Makeen;;ongoing;Apartments/Floors;https://drive.google.com/file/d/1DWS4n6gEuCw-r3a13jBmZAu29nmx54sG/view?usp=drive_link;https://asasmakeen.com/en/u/pu/3/63/sana-makeen
500000;500001;Rayya Al Nakheel;;ready;Apartments;https://drive.google.com/file/d/1Zv2DGgceaDiAiMkrLxZM14i6Wv5g26H5/view?usp=drive_link;https://alramzre.com/en/projects/rayya-al-nakheel/
4300000;4300002;Tuwaiq Center;طويق سنتر;ongoing;Office;;https://alrossais.com/en/projects/tuwaiq-center/
4300000;4300003;Maha;المها;ongoing;Floors/Villas;;https://alrossais.com/en/projects/maha-project/
6300000;6300001;Jawharat Al Fursan almarhalat althaania;جوهرة الفرسان ;;Villas/Townhouses;;
6300000;6300002;Jawharat Khuzam;جوهرة خزام;;Villas/Townhouses;;
6300000;6300003;Jawharat alrubaa;جوهرة الربى;;Villas/Townhouses;;
6400000;6400001;Raseen Reagan Hills;رسين ريجان هيلز;;Villas;;https://www.ajdan.com/en/raseen-rejan
6400000;6400002;Darat alfursan 2;دارةالفرسان 2;;Villas;;https://www.ajdan.com/en/darah-alfursan
6400000;6400003;Raseen Khuzam;رسين خزام;;;;https://www.ajdan.com/en/raseen-khuzam
6400000;6400004;Raseen Sedra;رسين سدرة;;Villas;;https://www.ajdan.com/en/raseen-sedra
6400000;6400005;Ajdan 2;اجدان 2;;;;https://ajdan.com/en/ajdan-II
6500000;6500001;Almuhamil 100;المحمل 100;ongoing;Apartments;;https://mahmal.sa/project/mahmal-100
6500000;6500002;Almuhamil 105;المحمل 105;ongoing;Apartments;;https://mahmal.sa/project/mahmal-105
6500000;6500003;Almuhamil 115;المحمل 115;ongoing;Apartments;;https://mahmal.sa/project/mahmal-115
6500000;6500004;Almuhamil 120;المحمل 120;;;;
6500000;6500005;Almuhamil 125;المحمل 125;;Villas/Floors;;
6600000;6600001;Allegria 3;اليغريا 3;;Villas;;
6600000;6600002;Allegria 4;اليغريا 4;;Villas;;
6700000;6700002;Tuwaiq Fund Project 2;صندوق طويق العقاري 2;;;;
6700000;6700001;Tuwaiq Fund Project 1;صندوق طويق العقاري 1;ongoing;Floors;;https://iconltd.sa/
6800000;6800001;Abyatona Rose;ابياتنا روز;ongoing;Villas;https://drive.google.com/file/d/1XTc34KcX6Rmgdo7aP5Y7B7PU3FOrpcMO/view?usp=drive_link;https://www.abyatona.com/en/communities/rose
6900000;6900001;Aknan 24;أكنان 24;ongoing;Apartments;;https://aknanelbena.com/single/%D8%A3%D9%83%D9%86%D8%A7%D9%86-24-%D8%A7%D9%84%D8%B1%D9%85%D8%A7%D9%84
7100000;7100001;;تلال الشروق اللوجستي;;;;
7200000;7200001;Burj Hammoud Ibrahim Al-Dhiyab;برج حمود ابراهيم الذياب;;;;
7300000;7300001;Masheed 10;مشيد 10;;;;
7400000;7400001;Dama Al-Mashriqiya;داما المشرقية;ongoing;Villas;;https://alomarinvestment.com/en/projects/dama-almashriqya/
7400000;7400002;Al Khayala 28;الخيالة 28;;Offices;;
7500000;7500001;The oryx;المها;;;;
7600000;7600001;Eawalaa Al Fursan;عوالى الفرسان;;Apartments;;
7600000;7600002;Eawalaa Al Narjis;عوالي النرجس بأرض قيران;;Apartments;;https://araco.sa/nargs/
7700000;7700001;;مخطط سما الروسان - طريق خريص;;Land;;
7700000;7700002;;مخطط سما الروسان الواحة;;Land;;
7700000;7700003;;مخطط البرقا;;Land;;
7800000;7800001;Al-Muruj 3;المروج 3;;Villas;;
7900000;7900001;Sama Al Fursan 2;سما الفرسان 2;ongoing;Villas;;https://al-tahaluf.com/en/single-community/?term_id=202&community=sama-al-fursan-2
7900000;7900002;Sama Al Fursan;سما الفرسان;ongoing;Villas;;https://al-tahaluf.com/en/single-community/?term_id=183&community=sama-al-fursan
8000000;8000001;Aloo 28;علو 28;;;;
8100000;8100001;Enbar 10;إنبار 10;;Villas/Townhouses;;
8200000;8200001;Arjan Al-Maghamis;ارجان المغامس;;Villas;;https://arjanarch.sa/project/مشروع-أرجان-المغامس/
8200000;8200002;Arjan Hills;تلال ارجان;;Villas;;https://arjanarch.sa/project/مشروع-تلال-أرجان/
8200000;8200003;Arjan Signature;ارجان سيجنتشر;;Villas;;https://arjanarch.sa/project/3مشروع-ديفون/
8300000;8300001;Park View;بارك فيو;ongoing;Apartments;;https://arweqah.com.sa/project/parkviewresidence/
8400000;8400001;Diyar 31;ديار 31;ongoing;Apartments;;https://diaar.sa/en/diaar-projects/1476206
8400000;8400002;Diyar 33;ديار 33;ongoing;Apartments;;https://diaar.sa/en/diaar-projects/1477844
8400000;8400003;Diyar 25;ديار 25;ongoing;Apartments;;https://diaar.sa/en/diaar-projects/1474611
8500000;8500001;Bada 37;بدء 37;ongoing;Apartments;;https://bda.com.sa/en/projects/project37
8500000;8500002;Bada 36;بدء 36;ongoing;Apartments;;https://bda.com.sa/en/projects/project36
8500000;8500003;Bada 41;بدء 41;ongoing;Villas/Apartments;;https://bda.com.sa/en/projects/project41
8600000;8600001;Our House 1;اور هاوس 1;;;;
8600000;8600002;Our House 2;اور هاوس 2;;;;
8700000;8700001;Azyan Khuzam;أزيان خزام;ongoing;Villas;;https://tatwirco.sa/azyan-khozam/
8700000;8700002;Azyan Nimar;أزيان نمار;ongoing;Villas;;https://tatwirco.sa/azyan-namar/
8700000;8700003;Azyan Al Fursan;ازيان الفرسان;;;;
8800000;8800001;Dana Al Janadriyah 2;دانة الجنادرية 2;;;;
8800000;8800002;Al Rimal 6;الرمال 6;;;;
8900000;8900001;Rizi 24 Hittin;ريزي 24 حطين;ongoing;Apartments;;https://darbayat.sa/en/projects/resi-24/
8900000;8900002;Rizi 33 Narjis;ريزي 33 النرجس;ongoing;Apartments;;https://darbayat.sa/en/projects/resi-33/
8900000;8900003;Rizi 20 Narjis;ريزي 20 النرجس;ongoing;Apartments;;https://darbayat.sa/en/projects/resi-20/
8900000;8900004;Rizi 24 Al Taeawun;ريزي 24 التعاون;ongoing;Apartments;;https://darbayat.sa/en/projects/resi-24/
8900000;8900005;Rizi 18 Narjis;ريزي 18 النرجس;ongoing;Apartments;;https://darbayat.sa/en/projects/resi-18/
8900000;8900006;Rizi 46 Al Rabie;ريزي 46 الربيع;ongoing;Apartments;;https://darbayat.sa/en/projects/resi-46/
8900000;8900007;Bayat Hills;بيات هيلز;ongoing;Villas;;https://darbayat.sa/en/projects/bayat-hills/
9000000;9000001;Saraya Al Fursan;سرايا الفرسان المرحلة الثانية;ongoing;Villas;;https://darwaemaar.com/en/project/sarayat-al-fursan-2/
9000000;9000002;Tala Al-Khuzam;تالا الخزام;ongoing;Villas;;https://tala-khuzam.darwaemaar.com/en/?_gl=1*ivb85p*_gcl_au*MjAyOTE3OTAwNi4xNzc3MDM2Mzc4*_ga*MTk2MjM1OTIzMS4xNzc3MDM2Mzgw*_ga_34F5G0BG7X*czE3NzcwMzYzNzkkbzEkZzEkdDE3NzcwMzY1MjEkajYkbDAkaDE3Nzk2MTU2MTY.
9000000;9000003;Saraya Homes;سرايا هومز;;Villas;;
9000000;9000004;Saraya Al Ruba;سرايا الربى;ongoing;Villas;;https://darwaemaar.com/en/project/saraya-al-ruba-2/
9000000;9000005;Al Fursan Communities;الفرسان كوميونيتيز;ongoing;Villas;;https://darwaemaar.com/en/al-fursan-all-communities/
9000000;9000006;Al Narjis Communities;النرجس كوميونيتيز;ongoing;Apartments;;https://darwaemaar.com/en/al-narjis-communities/
9100000;;Thuraya Tower;برج الثريا;;Apartments;;
9200000;9200001;Asdam;أسدام ;;Villas;;https://ehco.com.sa/en/asdam-project/
9200000;9200002;Asas Tamim Real Estate;اساس تتمة العقارية;;Land;;
9300000;9300001;Ishraqat Al Asala;إشراقة الأصالة;;;;
9400000;9400001;Haven;هافن;;Townhouses;;https://azdan.sa/single/37/هافن
9400000;9400002;La Vista;لا فيستا;;Floors/Villas;;https://azdan.sa/single/39/لافيستا
9500000;9500001;Malfa Al Asala;ملفى الأصالة;;Villas;;https://faisal-binsaedan.com/en/our-projects/malfa-al-asala-2/
9600000;9600001;Al-Basatin Avenue;جادة البساتين;;Offices;;
9600000;9600002;Capital Avenue - Qirawan;جادة الأعمال - قيروان;ongoing;Offices;;https://the1stavenue.com.sa/project/4
9600000;9600003;Al Hada Avenue;جادة الهدا;ongoing;Villas/Townhouses;;https://the1stavenue.com.sa/project/18
9600000;9600004;Diriyah Avenue;جادة الدرعية;ongoing;Townhouses/Villas;;https://the1stavenue.com.sa/project/2
9700000;9700001;Mashaeil Al Fursan;مشاعل الفرسان;ongoing;Apartments;;https://www.ezdihar.com/project/9-mashael-alfursan
9800000;9800001;Jadah 45;جادة 45 برج إشبلية;ongoing;Apartments;https://drive.google.com/drive/folders/17CO3FbmeAOVBkPSY9QM6Q-4vFZ1mNf8w?usp=drive_link;https://jadah.sa/portfolio/%ef%ba%9f%d9%80%d9%80%d9%80%d9%80%d9%80%d9%80%ef%ba%8e%d8%af%d8%a9-45-%d8%a5%d8%b4%d8%a8%d9%8a%d9%84%d9%8a%d9%80%d9%80%d9%80%d8%a7/, https://rakez.sa/en/project/38379/
9800000;9800002;Jadah 44;جادة 44 الخزامي;ongoing;Floors;;https://jadah.sa/portfolio/%d8%ac%d9%80%d9%80%d9%80%d9%80%d9%80%d9%80%d9%80%d8%a7%d8%af%d8%a9-44-%d8%a7%d9%84%d8%ae%d8%b2%d8%a7%d9%85%d9%8a/
9800000;9800003;Jadah 46;مشروع جادة الملقا 46;ongoing;Floors;;https://jadah.sa/portfolio/%ef%ba%9f%d9%80%d9%80%d9%80%d9%80%ef%ba%8e%d8%af%d8%a9-46-%d8%a7%d9%84%d9%85%d9%84%d9%82%d9%80%d9%80%d9%80%d9%80%d8%a7/
9900000;9900001;Maheer 11;مهير 11;ongoing;Apartments;;https://maheer.sa/EstateProjects/Detail/10011
9900000;9900002;Maheer 12;مهير 12;ongoing;Office;;
9900000;9900003;Maheer 13;مهير 13;ongoing;Office;;
9900000;9900004;Maheer 14;مهير 14;ongoing;Townhouses;;https://maheer.sa/EstateProjects/Detail/10017
9900000;9900005;Maheer 15;مهير 15;ongoing;Townhouses;;https://maheer.sa/EstateProjects/Detail/10018
9900000;9900006;Maheer 16;مهير 16;ongoing;Townhouses/Floors/Villas;;
9900000;9900007;Maheer 17;مهير 17;ongoing;Floors;;https://maheer.sa/EstateProjects/Detail/10023
9900000;9900008;Maheer 19;مهير 19;ongoing;Villas;;
10000000;10000001;View Al Murjan;فيو المرجان;;Villas;;
10000000;10000002;View Al Munsiyya;فيو المؤنسية;;;;
10100000;10100001;Najd Palm Residence (King Faisal District);نجد بالم الملك فيصل;ongoing;Apartments;;https://tshied.com/en/projects/%d9%86%d8%ac%d9%80%d9%80%d9%80%d8%af-%d8%a8%d8%a7%d9%84%d9%80%d9%80%d9%80%d9%85-%d8%b1%d9%8a%d8%b2%d8%af%d9%86%d9%80%d9%80%d9%80%d8%b3/
10100000;10100002;Najd Palm Residence Al-Khalij;نجد بالم ريزدنس الخليج;ongoing;Floors;;https://tshied.com/en/projects/al-khalij-project/
10100000;10100003;Najd Palm Residence (Residential Apartments & Penthouses) – Al-Nahda District;نجد بالم ريزدنس النهضة;ongoing;Apartments/Floors;;https://tshied.com/en/projects/najd-palm-residence-floors-and-apartments/
10200000;10200001;Rasan Fleij;رسن فيلج;ongoing;Villas;;
10200000;10200002;Rasen Villas;فلل رسن;ongoing;Villas;;
10300000;10300001;Canary 015 Residential;كناري 015 سكني;;Villas;;
10300000;10300001;Canary 018 Al Muadhar;كناري 018 المعذر;;;;
10400000;10400001;Al Ghosoun;الغصون;;Townhouses;;https://rakaiaestate.com/en/projects/residential-projects/rakaia-al-ghosoun/
10400000;10400002;Al Farouq;الفاروق;;Apartments;;https://rakaiaestate.com/en/projects/residential-projects/rakaia-al-farouq-7/
10400000;10400003;City Gate;سيتي قيت;;Apartments;;https://rakaiaestate.com/en/projects/residential-projects/rakaia-city-gate/
10500000;10500001;North Walk;نورث ووك;;Commercial;;https://rsan-sa.com/en/projects/9
10500000;10500002;Tarfa 7;ترفة 7;;Floors;;https://rsan-sa.com/en/projects/7
10500000;10500003;Tarfa 6;ترفة 6;;Villas/Floors;;https://rsan-sa.com/en/projects/6
10600000;10600001;Project Details Al Narjis;مشروع ديتيلز النرجس;;Townhouses;;https://details-re.com/en/property-item/details-narjes/
10600000;10600002;Project Details Al Munsiyah;مشروع ديتيلز المونسية;;;;https://details-re.com/en/property-item/details-almounissia/
10700000;10700001;Najd 2;نجد 2;ongoing;Townhouses;https://drive.google.com/file/d/1R0379DTj5wfAKVwTs2v78-lN2oFtOR1q/view?usp=drive_link;https://reportageuae.com/en/project-details/najd-2
10700000;10700002;Najd 3;نجد 3;ongoing;Apartments;https://drive.google.com/file/d/18J3JvuVox4TvWEom4LdS0c6piUp1g0sh/view?usp=drive_link;https://www.reportageksa.com/en/project-details/najd-3
10700000;10700003;Najd 4;نجد 4;ongoing;Apartments;https://drive.google.com/file/d/1DddaDGnhYwl8ihoAL3YuMRfiNyH4ha_c/view?usp=drive_link;https://www.reportageksa.com/en/project-details/najd-4
10700000;10700004;Najd 5;نجد 5;planned;Apartments;;
10800000;10800001;The Future;المستقبل;;Villas/Plots;;
10800000;10800002;Al Zuhra;الزهرة;;;;
10800000;10800003;;بيوت الحي;;;;
10800000;10800004;Grove;قروڤ;;Villas/Land;;
10800000;10800005;Al Daar;الدار;;Villas/Land;;
10900000;;Badr Residence;بدر ريزدنس;;;;
10900000;;;مباني الرياض احدى عشر المها ريزدنس;;Apartments;;
10900000;;;المها ريزدنس ثلاثة عشر;;Apartments;;
11000000;11000001;Mashariq 1 Project;مشروع مشارق 1;;;;
11000000;11000002;Mashariq 2 Project;مشروع مشارق 2;;;;
11000000;11000003;Mashariq 4 Project;مشروع مشارق ٤;ongoing;Villas;;https://sak-sa.com/listings/889826
11100000;11100001;Banan;بنان ;ongoing;Villas/Apartments;;https://talaatmoustafa.sa/en/banan-al-riyadh
11200000;11200001;JAX Clusters;جي إكس هومز;ongoing;Apartments/Commercial;;https://clusters.sa/en/projects/jax-clusters-diriyah
11200000;11200002;Al Munsiyah Clusters;تجمعات المونسية;ongoing;Villas/Townhouses;;https://clusters.sa/en/projects/al-munsiyah-clusters
11300000;11300001;Tam 1;تام 1;;Apartments;;
11300000;11300002;Tam 2;تام 2;;Apartments;;
11300000;11300003;Tam 3;تام 3;;Villas;;
11300000;11300004;Tam 4;تام 4;;;;
11400000;11400001;Nafah;نفاه;;Villas;;https://thabatre.sa/nafah-khuzam-en/
11400000;11400002;Al Athbah;العذبة;;Villas;;https://thabatre.sa/al-athbah/
11500000;11500001;Valley;فالي;;Apartments;;https://dharwah.com/project/1
11500000;11500002;Uns;أنس;;Apartments;;https://dharwah.com/project/6
11600000;11600001;;وشاح النرجس;;Villas;;
11600000;11600002;;وشاح الملقا;;;;
11700000;11700001;Malfa Residential Tower;برج ملفى السكني;;Apartments;;
11800000;11800001;;جراندا بيانو;;Floors;;
11800000;11800002;;كوانتا فيلا;;Villas;;
11800000;11800003;;ريفا أبارت;;Apartments;;
11900000;11900001;Reef Apartment 46, Al Muhammadiyah District;وريف أبارتمنت 46 حي المحمدية;;Apartments;;https://wareef-estate.com/en/property/wareef-46/
11900000;11900002;Reef Townhouse 47, Al-Arid District;وريف تاون هاوس 47 حي العارض;;Townhouses;;https://wareef-estate.com/en/property/wareef-47/
12000000;12000001;Navar;نوار;;;;
3600000;3600002;IQONIC Tower;البرج الأيقوني;;Office;;
3600000;3600003;Jasmine Residence;الياسمين ريزدينس;;Villas/Floors;;
6000000;6000001;Corinthians;كورينثيا;;;;https://www.corinthia.com/en-gb/riyadh/
6000000;6000002;Armani Residences Diriyah;أرماني رزيدنسز الدرعية;ongoing;Villas;;https://armani-diriyah.com/#property
6000000;6000003;Raffles Residences Diriyah;رافلز ريزيدينسز الدرعية;ongoing;Villas;https://drive.google.com/file/d/17nhUwlqNsJV3igcVG3iRcq_RtU8ZtekT/view?usp=drive_link;https://www.diriyahcompany.sa/en/diriyah-living/raffles
6000000;6000004;The Oberoi Residences Wadi Safar;ذا أوبيروي رزيدنسز وادي صفار;ongoing;Villas;;https://www.wadisafar.com/en/residences/oberoi
6000000;6000005;The Ritz-Carlton Residences Signature Collection, Diriyah;الريتز كارلتون ريزيدنسز سيجنتشر كوليكشن الدرعية;ongoing;Villas;;https://www.diriyahcompany.sa/en/diriyah-living/ritz-carlton-signature
6000000;6000006;Bakara Residences Diriyah;باكارا رزيدنسز الدرعية;ongoing;Villas;;
6000000;6000007;Aman Summer Residences Wadi Safar;أمان سمر رزيدنسز وادي صفار;ongoing;Villas;;https://www.aman.com/resorts/amansamar
6000000;6000008;Chedi Residences Wadi Safar;شيدي ريزيدنسز وادي صفار;ongoing;Villas;;https://www.wadisafar.com/en/residences/chedi
6000000;6000009;Diriyah Square;ميدان الدرعية;ongoing;Villas;;https://www.diriyahcompany.sa/en/retail/diriyah-square
6000000;6000010;Jabal Al-Qurain Avenue;جادة جبل القرين;ongoing;Villas;;https://www.diriyahcompany.sa/en/retail/jaqa
6000000;6000011;Fayina Residences Wadi Safar;فايينا ريزيدنسز وادي صفار;ongoing;Villas;;https://www.wadisafar.com/en/residences/faena
6000000;6000012;Gate Offices;مكاتب البوابة;ongoing;Offices;;
6000000;6000013;The Ritz-Carlton Diriyah;الريتز كارلتون الدرعية;ongoing;Villas;https://drive.google.com/file/d/1EAa8G-xfrciyAzyXcu22CNUCqHW7Egc2/view?usp=drive_link;https://www.diriyahcompany.sa/en/diriyah-living/ritz-carlton
6000000;6000014;Al-Hadawi Houses;منازل الحداوي;ongoing;Villas;;https://www.diriyahcompany.sa/en/diriyah-living/alhadawi
2100000;2100001;Neptune;نبتون;ongoing;Villas;https://drive.google.com/file/d/1tr4hYUDliF33RkzOmpKGY10mdW23XTMD/view?usp=drive_link;https://darglobal.co.uk/neptune
2100000;2100002;Rayana;ريانة;ongoing;Villas;https://drive.google.com/file/d/1u4jOcEj4a1IZjviLNuKYAEqZJcajJzFw/view?usp=sharing;https://darglobal.co.uk/rayana/rayana-mansions
2100000;2100003;Trump Plaza;ترامب بلازا;ongoing;Apartments;https://drive.google.com/drive/folders/144qmjPVYLwB61NxYdzIvKO_kxnXE485a?usp=drive_link;https://darglobal.co.uk/trump-plaza/executive-residences, https://www.trumpplazasaudi.com/
2100000;2100004;Amaya;أمايا;ongoing;Plots;https://drive.google.com/file/d/1Fh4CT_NtN7LbmExmgbZkZ6ow6RiaYsBE/view?usp=sharing;https://darglobal.co.uk/amaya/amaya-plots
2100000;2100005;Trump Tower;برج ترامب;ongoing;Apartments;https://drive.google.com/drive/folders/1tX-dkf2uQYc8Zh2HoBgEfOusztgMOMu4?usp=drive_link;https://darglobal.co.uk/ar/trump-tower-jeddah
200000;200012;Al Majdiah 1;الماجدية 1;ready;Apartments;;https://almajdiah.com/projects/120
200000;200013;Al Majdiah 2;الماجدية 2;ready;Apartments;;https://almajdiah.com/projects/5
200000;200014;Al Majdiah 3;الماجدية 3;ready;Apartments;;https://almajdiah.com/projects/6
200000;200015;Al Majdiah 4;الماجدية 4;ready;Apartments;;https://almajdiah.com/projects/9
200000;200016;Al Majdiah 5;الماجدية 5;ready;Apartments;;https://almajdiah.com/projects/10
200000;200017;Al Majdiah 6;الماجدية 6;ready;Apartments;;https://almajdiah.com/projects/11
200000;200018;Al Majdiah 7;الماجدية 7;ready;Apartments;;https://almajdiah.com/projects/7
200000;200019;Al Majdiah 8;الماجدية 8;ready;Apartments;;https://almajdiah.com/projects/13
200000;200020;Al Majdiah 9;الماجدية 9;ready;Apartments;;https://almajdiah.com/projects/14
200000;200021;Al Majdiah 10;الماجدية 10;ready;Apartments;;https://almajdiah.com/projects/8
200000;200022;Al Majdiah 11;الماجدية 11;ready;Apartments;;https://almajdiah.com/projects/12
200000;200023;Al Majdiah 12;الماجدية 12;ready;Apartments;;https://almajdiah.com/projects/15
200000;200024;Al Majdiah 13;الماجدية 13;ready;Apartments;;https://almajdiah.com/projects/17
200000;200025;Al Majdiah 15;الماجدية 15;ready;Apartments;;https://almajdiah.com/projects/19
200000;200026;Al Majdiah 16;الماجدية 16;ready;Apartments;;https://almajdiah.com/projects/21
200000;200027;Al Majdiah 17;الماجدية 17;ready;Apartments;;https://almajdiah.com/projects/22
200000;200028;Al Majdiah 18;الماجدية 18;ready;Apartments;;https://almajdiah.com/projects/20
200000;200029;Al Majdiah 19;الماجدية 19;ready;Apartments;;https://almajdiah.com/projects/16
200000;200030;Al Majdiah 20;الماجدية 20;ready;Apartments;;https://almajdiah.com/projects/23
200000;200031;Al Majdiah 21;الماجدية 21;ready;Apartments;;https://almajdiah.com/projects/26
200000;200032;Al Majdiah 22;الماجدية 22;ready;Apartments;;https://almajdiah.com/projects/27
200000;200033;Al Majdiah 24;الماجدية 24;ready;Apartments;;https://almajdiah.com/projects/24
200000;200034;Al Majdiah 25;الماجدية 25;ready;Apartments;;https://almajdiah.com/projects/25
200000;200035;Al Majdiah 27;الماجدية 27;ready;Apartments;;https://almajdiah.com/projects/31
200000;200036;Al Majdiah 28;الماجدية 28;ready;Apartments;;https://almajdiah.com/projects/32
200000;200037;Al Majdiah 29;الماجدية 29;ready;Apartments;;https://almajdiah.com/projects/35
200000;200038;Al Majdiah 30;الماجدية 30;ready;Apartments;;https://almajdiah.com/projects/36
200000;200039;Al Majdiah 31;الماجدية 31;ready;Apartments;;https://almajdiah.com/projects/33
200000;200040;Al Majdiah 32;الماجدية 32;ready;Apartments;;https://almajdiah.com/projects/37
200000;200041;Al Majdiah 33;الماجدية 33;ready;Apartments;;https://almajdiah.com/projects/34
200000;200042;Al Majdiah 34;الماجدية 34;ready;Apartments;;https://almajdiah.com/projects/29
200000;200043;Al Majdiah 35;الماجدية 35;ready;Apartments;;https://almajdiah.com/projects/38
200000;200044;Al Majdiah 36;الماجدية 36;ready;Apartments;;https://almajdiah.com/projects/39
200000;200045;Al Majdiah 37;الماجدية 37;ready;Apartments;;https://almajdiah.com/projects/40
200000;200046;Al Majdiah 38;الماجدية 38;ready;Apartments;;https://almajdiah.com/projects/41
200000;200047;Al Majdiah 39;الماجدية 39;ready;Apartments;;https://almajdiah.com/projects/42
200000;200048;Al Majdiah 40;الماجدية 40;ready;Apartments;;https://almajdiah.com/projects/43
200000;200049;Al Majdiah 41;الماجدية 41;ready;Apartments;;https://almajdiah.com/projects/44
200000;200050;Al Majdiah 42;الماجدية 42;ready;Apartments;;https://almajdiah.com/projects/45
200000;200051;Al Majdiah 43;الماجدية 43;ready;Apartments;;
200000;200052;Al Majdiah 44;الماجدية 44;ready;Apartments;;https://almajdiah.com/projects/102
200000;200053;Al Majdiah 45;الماجدية 45;ready;Apartments;;https://almajdiah.com/projects/46
200000;200054;Al Majdiah 46;الماجدية 46;ready;Apartments;;https://almajdiah.com/projects/48
200000;200055;Al Majdiah 47;الماجدية 47;ready;Apartments;;https://almajdiah.com/projects/51
200000;200056;Al Majdiah 48;الماجدية 48;ready;Apartments;;https://almajdiah.com/projects/52
200000;200057;Al Majdiah 49;الماجدية 49;ready;Apartments;;https://almajdiah.com/projects/53
200000;200058;Al Majdiah 50;الماجدية 50;ready;Apartments;;https://almajdiah.com/projects/54
200000;200059;Al Majdiah 50;الماجدية 50;ready;Apartments;;https://almajdiah.com/projects/54
200000;200060;Al Majdiah 51;الماجدية 51;ready;Apartments;;https://almajdiah.com/projects/49
200000;200061;Al Majdiah 52;الماجدية 52;ready;Apartments;;https://almajdiah.com/projects/50
200000;200062;Al Majdiah 53;الماجدية 53;ready;Apartments;;https://almajdiah.com/projects/55
200000;200063;Al Majdiah 54;الماجدية 54;ready;Apartments;;https://almajdiah.com/projects/56
200000;200064;Al Majdiah 55;الماجدية 55;ready;Apartments;;https://almajdiah.com/projects/57
200000;200065;Al Majdiah 56;الماجدية 56;ready;Apartments;;https://almajdiah.com/projects/58
200000;200066;Al Majdiah 57;الماجدية 57;ready;Apartments;;https://almajdiah.com/projects/59
200000;200067;Al Majdiah 58;الماجدية 58;ready;Apartments;;https://almajdiah.com/projects/60
200000;200068;Al Majdiah 59;الماجدية 59;ready;Apartments;;https://almajdiah.com/projects/61
200000;200069;Al Majdiah 60;الماجدية 60;ready;Apartments;;https://almajdiah.com/projects/62
200000;200070;Al Majdiah 61;الماجدية 61;ready;Apartments;;https://almajdiah.com/projects/63
200000;200071;Al Majdiah 62;الماجدية 62;ready;Apartments;;https://almajdiah.com/projects/66
200000;200072;Al Majdiah 63;الماجدية 63;ready;Apartments;;https://almajdiah.com/projects/67
200000;200073;Al Majdiah 65;الماجدية 65;ready;Apartments;;https://almajdiah.com/projects/71
200000;200074;Al Majdiah 66;الماجدية 66;ready;Apartments;;https://almajdiah.com/projects/72
200000;200075;Al Majdiah 67;الماجدية 67;ready;Apartments;;https://almajdiah.com/projects/69
200000;200076;Al Majdiah 68;الماجدية 68;ready;Apartments;;https://almajdiah.com/projects/70
200000;200077;Al Majdiah 69;الماجدية 69;ready;Apartments;;https://almajdiah.com/projects/64
200000;200078;Al Majdiah 70;الماجدية 70;ready;Apartments;;https://almajdiah.com/projects/73
200000;200079;Al Majdiah 71;الماجدية 71;ready;Apartments;;https://almajdiah.com/projects/65
200000;200080;Al Majdiah 72;الماجدية 72;ready;Apartments;;https://almajdiah.com/projects/74
200000;200081;Al Majdiah 73;الماجدية 73;ready;Apartments;;https://almajdiah.com/projects/76
200000;200082;Al Majdiah 74;الماجدية 74;ready;Apartments;;https://almajdiah.com/projects/77
200000;200083;Al Majdiah 75;الماجدية 75;ready;Apartments;;https://almajdiah.com/projects/78
200000;200084;Al Majdiah 76;الماجدية 76;ready;Apartments;;https://almajdiah.com/projects/79
200000;200085;Al Majdiah 77;الماجدية 77;ready;Apartments;;https://almajdiah.com/projects/75
200000;200086;Al Majdiah 78;الماجدية 78;ready;Apartments;;https://almajdiah.com/projects/80
200000;200087;Al Majdiah 80;الماجدية 80;ready;Apartments;;https://almajdiah.com/projects/82
200000;200088;Al Majdiah 81;الماجدية 81;ready;Apartments;;https://almajdiah.com/projects/83
200000;200089;Al Majdiah 82;الماجدية 82;ready;Apartments;;https://almajdiah.com/projects/84
200000;200090;Al Majdiah 83;الماجدية 83;ready;Apartments;;https://almajdiah.com/projects/85
200000;200091;Al Majdiah 84;الماجدية 84;ready;Apartments;;https://almajdiah.com/projects/86
200000;200092;Al Majdiah 85;الماجدية 85;ready;Apartments;;https://almajdiah.com/projects/87
200000;200093;Al Majdiah 86;الماجدية 86;ready;Apartments;;https://almajdiah.com/projects/90
200000;200094;Al Majdiah 87;الماجدية 87;ready;Apartments;;https://almajdiah.com/projects/88
200000;200095;Al Majdiah 88;الماجدية 88;ready;Apartments;;https://almajdiah.com/projects/89
200000;200096;Al Majdiah 89;الماجدية 89;ready;Apartments;;https://almajdiah.com/projects/91
200000;200097;Al Majdiah 90;الماجدية 90;ready;Apartments;;https://almajdiah.com/projects/92
200000;200098;Al Majdiah 91;الماجدية 91;ready;Apartments;;https://almajdiah.com/projects/93
200000;200099;Al Majdiah 92;الماجدية 92;ready;Apartments;;https://almajdiah.com/projects/94
200000;200100;Al Majdiah 93;الماجدية 93;ready;Apartments;;https://almajdiah.com/projects/95
200000;200101;Al Majdiah 94;الماجدية 94;ready;Apartments;;https://almajdiah.com/projects/96
200000;200102;Al Majdiah 95;الماجدية 95;ready;Apartments;;https://almajdiah.com/projects/97
200000;200103;Al Majdiah 96;الماجدية 96;ready;Apartments;;https://almajdiah.com/projects/98
200000;200104;Al Majdiah 97;الماجدية 97;ready;Apartments;;https://almajdiah.com/projects/99
200000;200105;Al Majdiah 98;الماجدية 98;ready;Apartments;;https://almajdiah.com/projects/100
200000;200106;Al Majdiah 99;الماجدية 99;ready;Apartments;;https://almajdiah.com/projects/101
200000;200107;Al Majdiah 100;الماجدية 100;ready;Apartments;;https://almajdiah.com/projects/121
200000;200108;Al Majdiah 102;الماجدية 102;ready;Apartments;;https://almajdiah.com/projects/112
200000;200109;Al Majdiah 103;الماجدية 103;ready;Apartments;;https://almajdiah.com/projects/107
200000;200110;Al Majdiah 104;الماجدية 104;ready;Apartments;;https://almajdiah.com/projects/109
200000;200111;Al Majdiah 105;الماجدية 105;ready;Apartments;;https://almajdiah.com/projects/104
200000;200112;Al Majdiah 106;الماجدية 106;ready;Apartments;;https://almajdiah.com/projects/106
200000;200113;Al Majdiah 107;الماجدية 107;ready;Apartments;;https://almajdiah.com/projects/105
200000;200114;Al Majdiah 108;الماجدية 108;ready;Apartments;;https://almajdiah.com/projects/108
200000;200115;Al Majdiah 109;الماجدية 109;ready;Apartments;;https://almajdiah.com/projects/114
200000;200116;Al Majdiah 110;الماجدية 110;ready;Apartments;;https://almajdiah.com/projects/110
200000;200117;Al Majdiah 111;الماجدية 111;ready;Apartments;;https://almajdiah.com/projects/111
200000;200118;Al Majdiah 112;الماجدية 112;ready;Apartments;;https://almajdiah.com/projects/115
200000;200119;Al Majdiah 113;الماجدية 113;ready;Apartments;;https://almajdiah.com/projects/113
200000;200120;Al Majdiah 115;الماجدية 115;ready;Apartments;;https://almajdiah.com/projects/118
200000;200121;Al Majdiah 116;الماجدية 116;ready;Apartments;;https://almajdiah.com/projects/116
200000;200122;Al Majdiah 117;الماجدية 117;ready;Apartments;;
200000;200123;Al Majdiah 119;الماجدية 119;ready;Apartments;;
200000;200124;Al Majdiah 120;الماجدية 120;ready;Apartments;;https://almajdiah.com/projects/153
200000;200125;Al Majdiah 121;الماجدية 121;ready;Apartments;;https://almajdiah.com/projects/117
200000;200126;Al Majdiah 122;الماجدية 122;ready;Apartments;;https://almajdiah.com/projects/154
200000;200127;Al Majdiah 123;الماجدية 123;ready;Apartments;;https://almajdiah.com/projects/155
200000;200128;Al Majdiah 125;الماجدية 125;ready;Apartments;;https://almajdiah.com/projects/157
200000;200129;Al Majdiah 127;الماجدية 127;ready;Apartments;;https://almajdiah.com/projects/158
200000;200130;Al Majdiah 128;الماجدية 128;ready;Apartments;;https://almajdiah.com/projects/159
200000;200131;Al Majdiah 129;الماجدية 129;ready;Apartments;;https://almajdiah.com/projects/160
200000;200132;Al Majdiah 130;الماجدية 130;ready;Apartments;;https://almajdiah.com/projects/161
200000;200133;Al Majdiah 131;الماجدية 131;ready;Apartments;;https://almajdiah.com/projects/162
200000;200134;Al Majdiah 132;الماجدية 132;ready;Apartments;;https://almajdiah.com/projects/163
200000;200135;Al Majdiah 133;الماجدية 133;ready;Apartments;;https://almajdiah.com/projects/164
200000;200136;Al Majdiah 134;الماجدية 134;ready;Apartments;;https://almajdiah.com/projects/165
200000;200137;Al Majdiah 135;الماجدية 135;ready;Apartments;;https://almajdiah.com/projects/166
200000;200138;Al Majdiah 137;الماجدية 137;ready;Apartments;;https://almajdiah.com/projects/167
200000;200139;Al Majdiah 138;الماجدية 138;ready;Apartments;;https://almajdiah.com/projects/168
200000;200140;Al Majdiah 139;الماجدية 139;ready;Apartments;;https://almajdiah.com/projects/171
200000;200141;Al Majdiah 140;الماجدية 140;ready;Apartments;;https://almajdiah.com/projects/172
200000;200142;Al Majdiah 142;الماجدية 142;ready;Apartments;;https://almajdiah.com/projects/174
200000;200143;Al Majdiah 143;الماجدية 143;ready;Apartments;;https://almajdiah.com/projects/175
200000;200144;Al Majdiah 144;الماجدية 144;ready;Apartments;;https://almajdiah.com/projects/176
200000;200145;Al Majdiah 145;الماجدية 145;ready;Apartments;;https://almajdiah.com/projects/177
200000;200146;Al Majdiah 146;الماجدية 146;ready;Apartments;;https://almajdiah.com/projects/179
200000;200147;Al Majdiah 147;الماجدية 147;ready;Apartments;;https://almajdiah.com/projects/183
200000;200148;Al Majdiah 150;الماجدية 150;ready;Apartments;;https://almajdiah.com/projects/2
200000;200149;Al Majdiah 155;الماجدية 155;ready;Apartments;;https://almajdiah.com/projects/192
200000;200150;Al Majdiah 156;الماجدية 156;ready;Apartments;;https://almajdiah.com/projects/195
200000;200151;Al Majdiah 160;الماجدية 160;ready;Apartments;;https://almajdiah.com/projects/211
200000;200152;Al Majdiah 163;الماجدية 163;ready;Apartments;;https://almajdiah.com/projects/207
200000;200153;Al Majdiah Village;;ready;Apartments;;
200000;200154;Derwaza;دروازة;ready;Townhouses;;https://almajdiah.com/projects/180
200000;200155;Majaz;مجاز;ready;Offices;;https://almajdiah.com/projects/178
200000;200156;Al Majdiah Residence;;ready;Apartments;;
200000;200157;Sarh;صرح;ongoing;Offices;;https://almajdiah.com/projects/220
200000;200158;Sadu;سدو;ready;Townhouses;;https://almajdiah.com/projects/190
200000;200159;Rawaq Business;;ready;Offices;;
200000;200160;Adeem Alfursan;أديم الفرسان;ongoing;Townhouses;;https://almajdiah.com/projects/241
200000;200161;Jazeel;جزيل;ready;Townhouses;;https://almajdiah.com/projects/203
200000;200162;Qarar;قرار;ongoing;Offices;;https://almajdiah.com/projects/209
1100000;1100007;Safa 1;صفا 1;ready;Apartments;;https://safa-dev.jigsawme.io/en/project/36
1100000;1100008;Safa 2;صفا 2;ready;Apartments;;https://safa-dev.jigsawme.io/en/project/37
1100000;1100009;Safa 5;صفا 5;ready;Apartments;;https://safa-dev.jigsawme.io/en/project/38
1100000;1100010;Safa 7;صفا 7;ready;Apartments;;https://safa-dev.jigsawme.io/en/project/39
1100000;1100011;Safa 8;صفا 8;ready;Apartments;;https://safa-dev.jigsawme.io/en/project/40
1100000;1100012;Safa 9;صفا 9;ready;Apartments;;https://safa-dev.jigsawme.io/en/project/41
1100000;1100013;Safa 11;صفا 11;ready;Apartments;;https://safa-dev.jigsawme.io/en/project/42
1100000;1100014;Safa 12;صفا 12;ready;Apartments;;https://safa-dev.jigsawme.io/en/project/43
1100000;1100015;Safa 15;صفا 15;ready;Apartments;;https://safa-dev.jigsawme.io/en/project/44
1100000;1100016;Safa 19;صفا 19;ready;Apartments;;https://safa-dev.jigsawme.io/en/project/45
1100000;1100017;Safa 20;صفا 20;;;;https://safainv.sa/en/project/68
1100000;1100018;Safa 21;صفا 21;ready;Apartments;;https://safa-dev.jigsawme.io/en/project/46
1100000;1100019;Safa 28;صفا 28;ready;Apartments;;https://safa-dev.jigsawme.io/en/project/47
1100000;1100020;Safa 40;صفا 40;ready;Apartments;;https://safainv.sa/en/project/80
1100000;1100021;Safa 46;صفا 46;ready;Apartments;;https://safa-dev.jigsawme.io/en/project/62
1100000;1100022;Safa 47;صفا 47;ready;Apartments;;
1100000;1100023;Safa 50;صفا 50;ready;Apartments;;https://safainv.sa/en/project/63
1100000;1100024;Safa 51;صفا 51;ready;Apartments;;https://safainv.sa/en/project/64
1100000;1100025;Safa 52;صفا 52;;;;https://safainv.sa/en/project/76
1100000;1100026;Safa 53;صفا 53;ready;Apartments;;https://safainv.sa/en/project/75
1100000;1100027;Safa 55;صفا 55;;;;https://safainv.sa/en/project/74
1100000;1100028;Safa 59;صفا 59;ready;Apartments;;https://safainv.sa/en/project/71
1100000;1100029;Safa 60;صفا 60;ready;Apartments;;https://safainv.sa/en/project/73
1100000;1100030;Safa 63;صفا 63;ready;Apartments;;https://safa-dev.jigsawme.io/en/project/25
1100000;1100031;Safa 65;صفا 65;ready;Apartments;;https://safa-dev.jigsawme.io/en/project/61
1100000;1100032;Safa 69;صفا 69;ready;Apartments;;https://safa-dev.jigsawme.io/en/project/21
1100000;1100033;Safa 70;صفا 70;ready;Apartments;;https://safainv.sa/ar/project/23
1100000;1100034;Safa 71;صفا 71;ready;Apartments;;https://safa-dev.jigsawme.io/en/project/30
1100000;1100035;Safa 72;صفا 72;ready;Apartments;;https://safa-dev.jigsawme.io/en/project/31
1100000;1100036;Safa 73;صفا 73;ready;Apartments;;https://safa-dev.jigsawme.io/en/project/56
1100000;1100037;Safa 74;صفا 74;ready;Apartments;;https://safa-dev.jigsawme.io/en/project/33
1100000;1100038;Safa 76;صفا 76;ready;Apartments;;https://safa-dev.jigsawme.io/en/project/53
1100000;1100039;Safa 77;صفا 77;ready;Apartments;;https://safainv.sa/en/project/72
1100000;1100040;Safa 81;صفا 81;ongoing;Apartments;;https://safa-dev.jigsawme.io/en/project/54
1100000;1100041;Safa 83;صفا 83;ongoing;Apartments;;https://safa-dev.jigsawme.io/en/project/59
1100000;1100042;Safa 84;صفا 84;ongoing;Apartments;;https://safa-dev.jigsawme.io/en/project/59
1500000;1500004;North View;;planned;Apartments/Offices;https://drive.google.com/file/d/165oNCWw1tTfke3ksCw8ZTobtPD1h1IUL/view?usp=drive_link;
1500000;1500005;Zood Al Narjis;;planned;Apartments/Offices;https://drive.google.com/file/d/1OGt1DX1xmODx-BGAvz7EL5Y3KBx8f9eB/view?usp=drive_link;
1500000;1500006;Elite;;planned;Villas;;https://zood.sa/projects/0003
300000;300003;Greeenfields;;ready;Apartments/Townhouses;;https://almashria.com/en/portfolio-item/greenfields-compound/
300000;300004;Turquoise Villas 3;;ready;Villas;;https://almashria.com/en/portfolio-item/turquoise-villa-3/
300000;300005;Rosa Villa 2;;ready;Villas;;https://almashria.com/en/portfolio-item/rose-villa-2/
300000;300006;Aurora villas;;ready;Villas;;https://almashria.com/portfolio-item/aurora-villas/
300000;300007;Ara Residences;;ready;Villas/Apartments;;https://almashria.com/en/portfolio-item/ara-residences/
300000;300008;Vega Residence;;ready;Townhouses;;https://almashria.com/en/portfolio-item/vega-residences/
300000;300009;Offices zone;;ready;Offices;;https://almashria.com/en/portfolio-item/offices-zone/
300000;300010;Durar al Layali;;ready;Offices;;https://almashria.com/en/portfolio-item/first-projects-business/
300000;300011;Array Suites;;ready;Apartments/Offices;;https://almashria.com/en/portfolio-item/array-suites/
300000;300012;Evia Villas;;ready;Villas;;https://almashria.com/en/portfolio-item/evia-villas/
300000;300013;Indigo Villas;;ready;Villas;;https://almashria.com/en/portfolio-item/indigo-villas/
300000;300014;Jasmin Villas;;ready;Villas;;https://almashria.com/en/portfolio-item/jasmin-villas-1/
300000;300015;Campus;;ongoing;Apartments/Offices;;https://almashria.com/en/portfolio-item/campus/
300000;300016;First Projects Homes;;ongoing;Villas;;https://almashria.com/en/portfolio-item/first-projects-homes/
1400000;1400001;Al Ajlan Riviera 1;العجلان ريڤييرا 1;ready;Apartments;;https://alajlaninvest.com/project/%d8%a7%d9%84%d8%b9%d8%ac%d9%84%d8%a7%d9%86-%d8%b1%d9%8a%da%a4%d9%8a%d9%8a%d8%b1%d8%a7-1/
1400000;1400002;Al Ajlan Riviera 2;العجلان ريڤييرا 2;ready;Apartments;;https://alajlaninvest.com/project/%d8%a7%d9%84%d8%b9%d8%ac%d9%84%d8%a7%d9%86-%d8%b1%d9%8a%da%a4%d9%8a%d9%8a%d8%b1%d8%a7-2/
1400000;1400003;Al Ajlan Riviera 3;العجلان ريڤييرا 3;ready;Apartments;;https://alajlaninvest.com/project/%d8%a7%d9%84%d8%b9%d8%ac%d9%84%d8%a7%d9%86-%d8%b1%d9%8a%da%a4%d9%8a%d9%8a%d8%b1%d8%a7-3/
1400000;1400004;Al Ajlan Riviera 4;العجلان ريڤييرا 4;ready;Apartments;;https://alajlaninvest.com/project/%d8%a7%d9%84%d8%b9%d8%ac%d9%84%d8%a7%d9%86-%d8%b1%d9%8a%da%a4%d9%8a%d9%8a%d8%b1%d8%a7-4/
1400000;1400005;Al Ajlan Riviera 5;العجلان ريڤييرا 5;ready;Apartments;;https://alajlaninvest.com/project/%d8%a7%d9%84%d8%b9%d8%ac%d9%84%d8%a7%d9%86-%d8%b1%d9%8a%da%a4%d9%8a%d9%8a%d8%b1%d8%a7-5/
1400000;1400006;Al Ajlan Riviera 7;العجلان ريڤييرا 7;ready;Apartments;;https://alajlaninvest.com/project/%d8%a7%d9%84%d8%b9%d8%ac%d9%84%d8%a7%d9%86-%d8%b1%d9%8a%da%a4%d9%8a%d9%8a%d8%b1%d8%a7-7/
1400000;1400007;Al Ajlan Riviera 9;العجلان ريڤييرا 9;ready;Apartments;;https://alajlaninvest.com/project/%d8%a7%d9%84%d8%b9%d8%ac%d9%84%d8%a7%d9%86-%d8%b1%d9%8a%da%a4%d9%8a%d9%8a%d8%b1%d8%a7-9/
1400000;1400008;Al Ajlan Riviera 10;العجلان ريڤييرا 10;ready;Apartments;;https://alajlaninvest.com/project/%d8%a7%d9%84%d8%b9%d8%ac%d9%84%d8%a7%d9%86-%d8%b1%d9%8a%da%a4%d9%8a%d9%8a%d8%b1%d8%a7-10/
1400000;1400009;Al Ajlan Riviera 11;العجلان ريڤييرا 11;ready;Apartments;;https://alajlaninvest.com/project/%d8%a7%d9%84%d8%b9%d8%ac%d9%84%d8%a7%d9%86-%d8%b1%d9%8a%da%a4%d9%8a%d9%8a%d8%b1%d8%a7-11/
1400000;1400010;Al Ajlan Riviera 12;العجلان ريڤييرا 12;ready;Apartments;;https://alajlaninvest.com/project/riv12/
1400000;1400011;Al Ajlan Riviera 15;العجلان ريڤييرا 15;ready;Apartments;;https://alajlaninvest.com/project/riv15/
1400000;1400012;Al Ajlan Riviera 16;العجلان ريڤييرا 16;ready;Apartments;;https://alajlaninvest.com/project/riv16/
1400000;1400013;Al Ajlan Riviera 17;العجلان ريڤييرا 17;ready;Apartments;;https://alajlaninvest.com/project/riv17/
1400000;1400014;Al Ajlan Riviera 18;العجلان ريڤييرا 18;ready;Apartments;;https://alajlaninvest.com/project/riv18/
1400000;1400015;Al Ajlan Riviera 19;العجلان ريڤييرا 19;ready;Apartments;;https://alajlaninvest.com/project/riv19/
1400000;1400016;Al Ajlan Riviera 20;العجلان ريڤييرا 20;ready;Apartments;;https://alajlaninvest.com/project/riv20/
1400000;1400017;Al Ajlan Riviera 22;العجلان ريڤييرا 22;ready;Apartments;;https://alajlaninvest.com/project/riv22/
1400000;1400018;Al Ajlan Riviera 24;العجلان ريڤييرا 24;ready;Apartments;;https://alajlaninvest.com/project/riv24/
1400000;1400019;Al Ajlan Riviera 25;العجلان ريڤييرا 25;ready;Apartments;;https://alajlaninvest.com/project/riv25/
1400000;1400020;Al Ajlan Riviera 26;العجلان ريڤييرا 26;ready;Apartments;;https://alajlaninvest.com/project/riv26/
1400000;1400021;Al Ajlan Riviera 29;العجلان ريڤييرا 29;ready;Apartments;;https://alajlaninvest.com/project/riv29/
1400000;1400022;Al Ajlan Riviera 31;العجلان ريڤييرا 31;ready;Apartments;;https://alajlaninvest.com/project/riv31/
1400000;1400023;Al Ajlan Riviera 32;العجلان ريڤييرا 32;ready;Apartments;;https://alajlaninvest.com/project/riv32/
1400000;1400024;Al Ajlan Riviera 33;العجلان ريڤييرا 33;ready;Apartments;;https://alajlaninvest.com/project/riv33/
1400000;1400025;Al Ajlan Riviera 34;العجلان ريڤييرا 34;ready;Apartments;;https://alajlaninvest.com/project/riv34/
1400000;1400026;Al Ajlan Riviera 35;العجلان ريڤييرا 35;ready;Townhouses;;https://alajlaninvest.com/project/riv35/
1400000;1400027;Al Ajlan Riviera 36;العجلان ريڤييرا 36;ready;Apartments/Townhouses;;https://alajlaninvest.com/project/riv36/
1400000;1400028;Al Ajlan Riviera 37;العجلان ريڤييرا 37;ready;Apartments;;https://alajlaninvest.com/project/riv37/
1400000;1400029;Al Ajlan Riviera 38;العجلان ريڤييرا 38;ready;Apartments;;https://alajlaninvest.com/project/riv38/
1400000;1400030;Al Ajlan Riviera 39;العجلان ريڤييرا 39;ready;Apartments;;https://alajlaninvest.com/project/riv39/
1400000;1400031;Al Ajlan Riviera 40;العجلان ريڤييرا 40;ready;Apartments;;https://alajlaninvest.com/project/riv40/
1400000;1400032;Al Ajlan Riviera 41;العجلان ريڤييرا 41;ready;Apartments;;https://alajlaninvest.com/project/riv41/
1400000;1400033;Al Ajlan Riviera 42;العجلان ريڤييرا 42;ready;Apartments;;https://alajlaninvest.com/project/riv42/
1400000;1400034;Al Ajlan Riviera 43;العجلان ريڤييرا 43;ready;Apartments;;https://alajlaninvest.com/project/riv43/
1400000;1400035;Al Ajlan Riviera 44;العجلان ريڤييرا 44;ready;Floors;;https://alajlaninvest.com/project/riv44/
1400000;1400036;Al Ajlan Riviera 45;العجلان ريڤييرا 45;ready;;;https://alajlaninvest.com/project/riv45/
1400000;1400037;Al Ajlan Riviera 46;العجلان ريڤييرا 46;;;;https://alajlaninvest.com/project/riv46/
1400000;1400038;Al Ajlan Riviera 47;العجلان ريڤييرا 47;ready;Floors;;https://alajlaninvest.com/project/riv47/
1400000;1400039;Al Ajlan Riviera 48;العجلان ريڤييرا 48;ready;Apartments;;https://alajlaninvest.com/project/riv48/
1400000;1400040;Al Ajlan Riviera 49;العجلان ريڤييرا 49;;;;https://alajlaninvest.com/project/riv49/
1400000;1400041;Al Ajlan Riviera 50;العجلان ريڤييرا 50;;;;https://alajlaninvest.com/project/riv50/
1400000;1400042;Al Ajlan Riviera 51;العجلان ريڤييرا 51;;;;https://alajlaninvest.com/project/riv51/
1400000;1400043;Al Ajlan Riviera 52;العجلان ريڤييرا 52;ongoing;Apartments;;https://alajlaninvest.com/project/riv52/
1400000;1400044;Al Ajlan Riviera 54;العجلان ريڤييرا 54;ongoing;Floors;;https://alajlaninvest.com/riv-54/
1400000;1400045;Al Ajlan Riviera 57;العجلان ريڤييرا 57;ongoing;Apartments;;https://alajlaninvest.com/riv-57/
4800000;4800009;Wakan 1;وكن 1;ready;Apartments;;https://wakan.sa/EstateProjects/Detail/46
4800000;4800010;Wakan 2;وكن 2;ready;Villas;;https://wakan.sa/EstateProjects/Detail/47
4800000;4800011;Wakan 4;وكن 4;ready;Villas;;https://wakan.sa/EstateProjects/Detail/49
4800000;4800012;Wakan 5;وكن 5;ready;Villas;;https://wakan.sa/EstateProjects/Detail/50
4800000;4800013;Wakan 7;وكن 7;ready;Villas;;https://wakan.sa/EstateProjects/Detail/52
4800000;4800014;Wakan 8;وكن 8;ready;Villas;;https://wakan.sa/EstateProjects/Detail/65
4800000;4800015;Wakan 9;وكن 9;ready;Villas;;https://wakan.sa/EstateProjects/Detail/41
4800000;4800016;Wakan 10;وكن 10;ready;Apartments;;https://wakan.sa/EstateProjects/Detail/44
4800000;4800017;Wakan 12;وكن 12;ready;Floors;;https://wakan.sa/EstateProjects/Detail/43
4800000;4800018;Wakan 14;وكن 14;ready;Townhouses;;https://wakan.sa/EstateProjects/Detail/53
4800000;4800019;Wakan 16;وكن 16;ready;Apartments;;https://wakan.sa/EstateProjects/Detail/55
4800000;4800020;Wakan 17;وكن 17;ready;Apartments;;https://wakan.sa/EstateProjects/Detail/56
4800000;4800021;Wakan 18;وكن 18;ready;Villas;;https://wakan.sa/EstateProjects/Detail/57
4800000;4800022;Wakan 19;وكن 19;ready;Villas;;https://wakan.sa/EstateProjects/Detail/58
4800000;4800023;Wakan 20;وكن 20;ready;Villas;;https://wakan.sa/EstateProjects/Detail/59
4800000;4800024;Wakan 21;وكن 21;ready;Apartments;;https://wakan.sa/EstateProjects/Detail/60
4800000;4800025;Wakan 22;وكن 22;ready;Apartments;;https://wakan.sa/EstateProjects/Detail/30073
4800000;4800026;Wakan 23;وكن 23;ready;Apartments;;https://wakan.sa/EstateProjects/Detail/62
4800000;4800027;Wakan 22;وكن 22;ready;Apartments;;https://wakan.sa/EstateProjects/Detail/61
4800000;4800028;Wakan 24;وكن 24;ready;Apartments;;https://wakan.sa/EstateProjects/Detail/63
4800000;4800029;Wakan 25;وكن 25;ready;Apartments;;https://wakan.sa/EstateProjects/Detail/64
4800000;4800030;Wakan 26;وكن 26;ready;Villas;;https://wakan.sa/EstateProjects/Detail/66
4800000;4800031;Wakan 28;وكن 28;ready;Apartments;;https://wakan.sa/EstateProjects/Detail/10048
4800000;4800032;Wakan 29;وكن 29;ready;Villas;;https://wakan.sa/EstateProjects/Detail/10049
4800000;4800033;Wakan 30;وكن 30;ready;Townhouses;;https://wakan.sa/EstateProjects/Detail/10050
4800000;4800034;Wakan 33;وكن 33;ready;Offices;https://drive.google.com/file/d/1-p5Z0gat-uV1KbKJeWRYg0lKMBwqO1Fk/view?usp=sharing;https://wakan.sa/EstateProjects
4800000;4800035;Wakan 34;وكن 34;ready;Apartments;;https://wakan.sa/EstateProjects/Detail/30068
4800000;4800036;Wakan 34;وكن 34;ready;Villas;;https://wakan.sa/EstateProjects/Detail/30064
4800000;4800037;Wakan 35;وكن 35;ready;Townhouses;;https://wakan.sa/EstateProjects/Detail/30065
4800000;4800038;Wakan 36;وكن 36;ready;Townhouses;;https://wakan.sa/EstateProjects/Detail/30067
4800000;4800039;Wakan 37;وكن 37;ready;Townhouses;;https://wakan.sa/EstateProjects/Detail/30067
400000;400008;Osus Housing Mersia;أسس هاوسنق مرسية;ongoing;Apartments;;https://osus.com.sa/en/project/osus-housing-mersia/
400000;400009;Osus Houseing Sada;;;;;
400000;400010;Osus Housing Al-Monsia;;;;;https://osus.com.sa/en/project/housing-11/
400000;400011;Osus Al Murjan 1;أسس المرجان -أراضي;ongoing;Villas;;https://osus.com.sa/en/projects/osus-murjan/
400000;400012;Osus Al Murjan 2;أسس المرجان -أراضي;ongoing;Villas;;https://osus.com.sa/en/projects/osus-murjan/
400000;400013;Osus Domain;أسس دومين;ready;Offices;;https://osus.com.sa/en/projects/osus-domain/
400000;400014;Anas Bin Malek Mall;;ready;Commercial;;https://osus.com.sa/en/project/p115/
400000;400015;OD Tower;أو دي تاور;ready;Offices;;https://osus.com.sa/en/projects/od-tower/
400000;400016;OD Plaza I;أو دي بلازا I;ready;Offices;;https://osus.com.sa/en/project/od-plaza-i/
400000;400017;OD Plaza II;و دي بلازا II;ready;Offices;;https://osus.com.sa/en/project/od-plaza-ii/
400000;400018;OD Office I;أو دي أوفيس I;ready;Offices;;https://osus.com.sa/en/projects/od-office-i/
400000;400019;OD Office II;أو دي أوفيس II;ready;Offices;;https://osus.com.sa/en/projects/od-office-ii/
1900000;1900001;Al Nayfah;;ready;Villas;;https://rafal.com.sa/our-communities/al-nayfah/
1900000;1900002;Marvela;;ready;Apartments;;https://rafal.com.sa/our-communities/marvela/
1900000;1900003;Pavilions;;ready;Offices;;https://rafal.com.sa/our-communities/pavilions/
1900000;1900004;Rafal Village Tower;;planned;Apartments;;https://cutworkstudio.com/the-village-tower
2700000;2700010;Infinity (Mobtakeron);;planned;Apartments;;https://www.meemheights.com/
2700000;2700011;Park View (Mobtakeron);;planned;Apartments;;https://www.infinitytower.sa/
2700000;2700012;Riyadh Lux (Mobtakeron);;planned;Apartments;;https://www.riyadhlux.sa/
5800000;5800001;Damac Towers;;ready;Apartments;https://drive.google.com/file/d/1SpS1BCoMhG3hGdKw_aDHL5lNj4M_moK8/view?usp=sharing;https://www.damacproperties.com/de/projects/damac-towers-riyadh/
1900000;1900005;Burj Rafal;;ready;Apartments;;https://rafal.com.sa/en/our-communities/burj-rafal/
1900000;1900006;Rafal Residence;;ready;Apartments;;https://rafal.com.sa/our-communities/rafal-residence/
1900000;1900007;Rafal Alegria;;ongoing;Villas;;https://rafal.com.sa/our-communities/alegria-e/
1900000;1900008;Balancia Compound;;ready;Villas;;https://rafal.com.sa/en/our-communities/blncyah/
1900000;1900009;Al Rabia;;ready;Villas;;https://rafal.com.sa/en/our-communities/al-rabia/
3900000;3900002;Naya Core Tower;;ongoing;Apartments;;https://nayarealty.sa/مشاريع/?project=core-tower
800000;800001;Al Dhahia;;ready;Villas;;https://www.al-akaria.com/en/project/al-dhahia/
800000;800002;Al Akaria Park;;ongoing;Villas;;https://www.al-akaria.com/en/project/al-akaria-park/
800000;800003;La Casa;;ready;Apartments;;https://www.al-akaria.com/en/project/la-casa/
800000;800004;Al Akaria Plaza;;ready;Offices;;https://www.al-akaria.com/en/project/al-akaria-plaza/
800000;800005;Al Akaria 2;;ready;Offices;;https://www.al-akaria.com/en/project/al-akaria-2/
800000;800006;Al Akaria 3;;ready;Offices;;https://www.al-akaria.com/en/project/al-akaria-3/
800000;800007;Olaya Oasis Compound;;ready;Apartments;;https://www.al-akaria.com/en/project/olaya-compound/
800000;800008;Fai Sedra;;ongoing;Villas;;https://www.al-akaria.com/en/project/fai-sedra/
800000;800009;Sitteen;;ready;Offices;;https://www.al-akaria.com/en/project/al-akaria-sitteen/
800000;800010;Reef;;ongoing;Apartments/Townhouses/Villas;;https://www.al-akaria.com/en/project/reef/
800000;800011;Tilal Mixed-Use Commercial Centre;;ongoing;Offices;;https://www.al-akaria.com/en/project/tilal-al-riyadh-2/
5500000;5500001;Majd Al Munsiyah Project;;ready;Villas;;https://mjdksa.com/majd-al-munsia/
5500000;5500002;Majd Qurtubah Project;;ready;Villas;;https://mjdksa.com/majd-qortba/
5500000;5500003;Majd 39 Project;;ready;Villas;;https://mjdksa.com/majd39/
5500000;5500004;Majd 40 Project;;ongoing;Apartments/Townhouses/Villas;;https://mjdksa.com/majd40/
5500000;5500005;Majd 41 Compound;;ongoing;Apartments;;https://mjdksa.com/compound41/
5500000;5500006;Majd Al Narjis Project;;ongoing;Villas;;https://mjdksa.com/majd-alnarjis-project/
5500000;5500007;Smart Home Project;;ready;Villas;;https://mjdksa.com/smart-home-project/
5500000;5500008;Majd Tower;;ongoing;Apartments;;https://mjdksa.com/majd-tower/
5500000;5500009;Ishbiliyah Business Center;;ready;Offices;;https://mjdksa.com/ishbiliacomplex/
5500000;5500010;Jawharat Al Rimal Plan;;ready;Land;;https://mjdksa.com/majd-tanal/
5500000;5500011;Majd Glory 3;;ready;Land;;https://mjdksa.com/majdaljanadriya3/
5500000;5500012;Majd 4;;ready;Land;;https://mjdksa.com/majd_4/
5500000;5500013;Majd Glory 5;;ready;Land;;https://mjdksa.com/majd-5/
5500000;5500014;Majd Glory 6;;ready;Land;;https://mjdksa.com/majd_6/
9800000;9800004;Jadah 31;جادة 31;ready;Floors;;https://jadah.sa/portfolio/%d9%85%d8%b4%d8%b1%d9%88%d8%b9-%d8%ac%d8%a7%d8%af%d8%a9-31/
9800000;9800005;Jadah 32;جادة 32;ready;Floors;;https://jadah.sa/portfolio/%d8%ac%d9%80%d9%80%d9%80%d9%80%d8%a7%d8%af%d8%a9-32-%d8%a7%d9%84%d8%aa%d8%b9%d9%80%d9%80%d9%80%d9%80%d9%80%d9%80%d8%a7%d9%88%d9%86/
9800000;9800006;Jadah 33;جادة 33;ready;Floors;;https://jadah.sa/portfolio/%d9%85%d8%b4%d8%b1%d9%88%d8%b9-%d8%a7%d9%84%d9%86%d9%81%d9%84/
9800000;9800007;Jadah 34;جادة 34;ongoing;Floors;;https://jadah.sa/portfolio/%d8%ac%d9%80%d9%80%d9%80%d9%80%d8%a7%d8%af%d8%a9-34-%d8%a7%d9%84%d9%80%d9%80%d9%80%d9%80%d9%88%d8%b1%d9%88%d8%af/
9800000;9800008;Jadah 35;جادة 35;ready;Floors;;https://jadah.sa/portfolio/35-%d8%a7%d9%84%d9%85%d9%84%d9%82%d9%80%d9%80%d9%80%d9%80%d9%80%d9%80%d9%80%d8%a7/
9800000;9800009;Jadah 36;جادة 36;ongoing;Floors;;https://jadah.sa/portfolio/%d8%ac%d9%80%d9%80%d9%80%d9%80%d9%80%d9%80%d8%a7%d8%af%d8%a9-36-%d8%a7%d9%84%d9%8a%d8%a7%d8%b3%d9%85%d9%8a%d9%86/
9800000;9800010;Jadah 37;جادة 37;ongoing;Floors;;https://jadah.sa/portfolio/%d8%ac%d9%80%d9%80%d9%80%d9%80%d9%80%d9%80%d8%a7%d8%af%d8%a9-37-%d8%a7%d9%84%d9%85%d9%84%d9%83-%d9%81%d9%87%d8%af/
9800000;9800011;Jadah 38;جادة 38;ongoing;Floors;;https://jadah.sa/portfolio/%d8%ac%d9%80%d9%80%d9%80%d9%80%d9%80%d8%a7%d8%af%d8%a9-38-%d8%a7%d9%84%d8%b1%d8%a8%d9%8a%d8%b9/
9800000;9800012;Jadah 39;جادة 39;ongoing;Floors;;https://jadah.sa/portfolio/%d8%ac%d9%80%d9%80%d9%80%d9%80%d9%80%d9%80%d8%a7%d8%af%d8%a9-39-%d8%a7%d9%84%d9%85%d9%84%d9%82%d8%a7/
9800000;9800013;Jadah 40;جادة 40;ongoing;Floors;;https://jadah.sa/portfolio/%d8%ac%d9%80%d9%80%d9%80%d9%80%d9%80%d9%80%d8%a7%d8%af%d8%a9-40-%d8%a7%d9%84%d9%86%d8%b2%d9%87%d8%a9/
9800000;9800014;Jadah 41;جادة 41;ongoing;Floors/Villas;;https://jadah.sa/portfolio/%d8%ac%d9%80%d9%80%d9%80%d9%80%d9%80%d9%80%d9%80%d9%80%d8%a7%d8%af%d8%a9-%d9%a4%d9%a1-%d8%a7%d9%84%d8%b5%d9%81%d8%a7/
9800000;9800015;Jadah 42;جادة 42;ongoing;Floors;;https://jadah.sa/portfolio/%d8%a9%d8%ac%d9%80%d9%80%d9%80%d9%80%d9%80%d8%a7%d8%af%d8%a9-%d9%a4%d9%a2-%d8%a7%d9%84%d9%86%d8%b2%d9%87%d9%87/
9800000;9800016;Jadah 43;جادة 43;ongoing;Floors/Villas;;https://jadah.sa/portfolio/%d8%ac%d9%80%d9%80%d9%80%d9%80%d8%a7%d8%af%d8%a9-%d9%a4%d9%a3-%d8%a7%d9%84%d8%b5%d9%81%d8%a7/
1700000;1700001;Aress Compound;;ready;Apartments;;https://alsoliman.com.sa/en/product/aress-compound
1700000;1700002;Al Soliman Business Compound;;ready;Offices;;https://alsoliman.com.sa/en/project/%D8%A7%D9%84%D8%B3%D9%84%D9%8A%D9%85%D8%A7%D9%86-%D8%A8%D9%8A%D8%B2%D9%86%D8%B3-%D9%83%D9%85%D8%A8%D8%A7%D9%88%D9%86%D8%AF
1700000;1700003;Al Soliman Blue Dar Compound 129;;ready;Apartments;;https://alsoliman.com.sa/en/product/bluedar
1700000;1700004;Al Soliman Blue Dar Compound 130;;ready;Apartments;;https://alsoliman.com.sa/en/product/bluedar
1700000;1700005;Al Soliman Blue Dar Compound 134;;ready;Apartments;;https://alsoliman.com.sa/en/product/bluedar
6200000;6200007;Makeen 30;مكين 30;ready;Apartments;;https://www.asasmakeen.com/en/u/pu/3/5/makeen-30-qurtubah-neighborhood-apartments
6200000;6200008;Makeen 31;مكين 31;ready;Apartments;;https://www.asasmakeen.com/en/u/pu/3/6/makeen-31-al-yarmuk-neighborhood-apartments-in-riyadh
6200000;6200009;Makeen 32;مكين 32;ready;Apartments;;https://www.asasmakeen.com/en/u/pu/3/7/makeen-32-al-yarmuk-neighborhood-apartments
6200000;6200010;Makeen 34;مكين 34;ready;Apartments;;https://www.asasmakeen.com/en/u/pu/3/4/makeen-34-al-arid-neighborhood-apartments
6200000;6200011;Makeen 35;مكين 35;ready;Apartments;;https://www.asasmakeen.com/en/u/pu/3/8/makeen-35-apartments-for-rent-in-al-arid-neighborhood
6200000;6200012;Makeen 36;مكين 36;ready;Apartments;;https://www.asasmakeen.com/en/u/pu/3/9/makeen-36-luxury-apartments-for-rent
6200000;6200013;Makeen 37;مكين 37;ready;Apartments;;https://www.asasmakeen.com/en/u/pu/3/10/makeen-37-residential-units-in-riyadh
6200000;6200014;Makeen 38;مكين 38;ready;Apartments;;https://www.asasmakeen.com/en/u/pu/3/11/makeen-38-al-yasmin-neighborhood-apartments
6200000;6200015;Makeen 39;مكين 39;ready;Apartments;;https://www.asasmakeen.com/en/u/pu/3/12/makeen-39-al-rimal-neighborhood-apartments
6200000;6200016;Makeen 42;مكين 42;ready;Villas;;https://www.asasmakeen.com/en/u/pu/3/14/makeen-42-villas-for-sale-in-al-rimal-neighorhood
6200000;6200017;Makeen 46;مكين 46;ready;Townhouses;;https://www.asasmakeen.com/en/u/pu/3/15/makeen-46-residential-townhouses
6200000;6200018;Makeen 47;مكين 47;ready;Townhouses;;https://www.asasmakeen.com/en/u/pu/3/16/makeen-47-townhouses-for-sale-in-riyadh
6200000;6200019;Makeen 48;مكين 48;ready;Apartments;;https://www.asasmakeen.com/en/u/pu/3/17/makeen-48-luxury-residential-apartments
6200000;6200020;Makeen 50;مكين 50;ready;Apartments;;https://www.asasmakeen.com/en/u/pu/3/13/makeen-50-al-arid-neighborhood-apartments
6200000;6200021;Makeen Square 51;مكين 51;;;;https://www.asasmakeen.com/en/u/pu/3/38/makeen-51-east-riyadh-compounds
6200000;6200022;Makeen 52;مكين 52;ready;Apartments;;https://www.asasmakeen.com/en/u/pu/3/33/makeen-52-al-arid-neighborhood-apartments
6200000;6200023;Makeen 54;مكين 54;ready;Apartments;;https://www.asasmakeen.com/en/u/pu/3/35/makeen-54-al-yasmin-neighborhood-apartments
6200000;6200024;Makeen 56;مكين 56;ready;Apartments;;https://www.asasmakeen.com/en/u/pu/3/36/makeen-56-residential-units-in-riyadh
6200000;6200025;Makeen 57;مكين 57;ready;Apartments;;https://www.asasmakeen.com/en/u/pu/3/39/makeen-57-residential-units-in-riyadh
6200000;6200026;Makeen 59;مكين 59;ready;Apartments;;https://www.asasmakeen.com/en/u/pu/3/40/makeen-59-residential-units-in-riyadh
6200000;6200027;Makeen 28;مكين 28;ready;Apartments;;https://www.asasmakeen.com/en/u/pu/3/21/makeen-28-al-malqa-neighborhood-apartments
6200000;6200028;Makeen 27;مكين 27;ready;Apartments;;https://www.asasmakeen.com/en/u/pu/3/22/makeen-27-al-yasmin-neighborhood-apartments-in-riyadh
6200000;6200029;Makeen 26;مكين 26;ready;Apartments;;https://www.asasmakeen.com/en/u/pu/3/23/makeen-26-al-izdihar-neighborhood-apartments-in-riyadh
6200000;6200030;Makeen 25;مكين 25;ready;Apartments;;https://www.asasmakeen.com/en/u/pu/3/24/makeen-25-apartments-in-north-riyadh
6200000;6200031;Makeen 24;مكين 24;ready;Apartments;;https://www.asasmakeen.com/en/u/pu/3/25/makeen-24-al-aqiq-neighborhood-apartments
6200000;6200032;Makeen 19;مكين 19;ready;Apartments;;https://www.asasmakeen.com/en/u/pu/3/26/makeen-19-apartments-for-rent-in-al-malqa-neighborhood
6200000;6200033;Makeen 18;مكين 18;ready;Apartments;;https://www.asasmakeen.com/en/u/pu/3/27/makeen-18-ownership-apartments-in-riyadh
6200000;6200034;Makeen 17;مكين 17;ready;Apartments;;https://www.asasmakeen.com/en/u/pu/3/28/makeen-17-apartments-for-sale-in-riyadh
6200000;6200035;Makeen 15;مكين 15;ready;Apartments;;https://www.asasmakeen.com/en/u/pu/3/29/makeen-15-hittin-neighborhood-apartments
6200000;6200036;Makeen 13;مكين 13;ready;Apartments;;https://www.asasmakeen.com/en/u/pu/3/30/makeen-13-apartments-for-sale-in-north-riyadh
6200000;6200037;Makeen 12;مكين 12;ready;Apartments;;https://www.asasmakeen.com/en/u/pu/3/31/makeen-12-al-malqa-neighborhood-apartments
500000;500002;Jawharat AlRamz;;;;;https://alramzre.com/en/projects/jawharat-alRamz
500000;500003;Tal Alrimal 1 & 2;;;;;https://alramzre.com/en/projects/tal-alrimal-2, https://alramzre.com/en/projects/tal-alrimal-1
500000;500004;Rafd Office Community;;ready;Office;;https://alramzre.com/en/project/office-community-rafd/
500000;500005;Ramz 19;;ready;Apartments;;https://alramzre.com/en/projects/ramz-19
500000;500006;Ramz 21;;ready;Apartments;;https://alramzre.com/en/projects/ramz-21
500000;500007;Ramz 23;;ready;Apartments;;https://alramzre.com/en/projects/ramz-23/
500000;500008;Ramz 24;;ready;Villas;;https://alramzre.com/en/projects/ramz-24
500000;500009;Ramz 25;;ready;Apartments;;https://alramzre.com/en/projects/ramz-25
500000;500010;Ramz 26;;ready;Villas;;https://alramzre.com/en/projects/ramz-26
500000;500011;Ramz 29;;ready;Apartments;;https://alramzre.com/en/projects/ramz-29/
500000;500012;Ramz 30;;ready;Villas;;https://alramzre.com/en/project/ramz-30/
500000;500013;Ramz 31;;ready;Apartments;;https://alramzre.com/en/projects/ramz-31/
500000;500014;Ramz 33;;ready;Apartments;;https://alramzre.com/en/projects/ramz-33
500000;500015;Ramz 35;;ready;Floors;;https://alramzre.com/en/projects/ramz-35
500000;500016;Ramz 36;;ready;Villas;;https://alramzre.com/en/projects/ramz-36
500000;500017;Ramz 37;;ready;Apartments/Townhouses;;https://alramzre.com/en/projects/ramz-37/
500000;500018;Ramz 41;;ready;Apartments;;https://alramzre.com/en/projects/ramz-41
500000;500019;Ramz 48;;ready;Villas;;https://alramzre.com/en/projects/ramz-48
500000;500020;Stone Complex;;ready;Apartments;;https://alramzre.com/en/project/stone-complex/
500000;500021;Ramz Faseelah Square;;ready;Office;;https://alramzre.com/en/projects/faseelah-square/
500000;500022;Al Ramz Office Tower;;ongoing;Office;;https://alramzre.com/en/project/ramz-tower/
500000;500023;Al Ramz Sadeem;;ongoing;Apartments;;https://alramzre.com/en/projects/sadeem/
500000;500024;Al Ramz Jadeel Floors;;ongoing;Floors;;https://alramzre.com/en/project/jadeel-floors/
500000;500025;Al Ramz Sadeem Villas;;ongoing;Villas;;https://alramzre.com/en/project/sadeem-villas/
500000;500026;Office Community;;;;;https://alramzre.com/en/project/office-community-king-khalid-road/
9300000;9300002;Ishraqa 01;;;;;
9300000;9300003;Ishraqa 03;;;;;
9300000;9300004;Israqa Villas 04;;;;;
9300000;9300005;Ishraqa 5;;;;;
9300000;9300006;Ishraqa 6;;;;;https://ishraqa.sa/projects/detail/9ec6e2fe-c4c5-485b-b65a-6ad66ab86f52
9300000;9300007;Ishraqa Villas 07;;;;;
9300000;9300008;Ishraqa Apartments  07;;;;;
9300000;9300009;Ishraqa 8;;;;;
9300000;9300010;Ishraqa 9;;;;;https://ishraqa.sa/projects/detail/a229520a-3b89-4328-a756-b6369ad3a6d6
9300000;9300011;Ishraqa 10;;;;;https://ishraqa.sa/projects/detail/bff489e4-8be9-4e3e-8a6b-7d042644a3c9
9300000;9300012;Israqa Villas 11;;;;;
9300000;9300013;Ishraqa 12;;;;;
9300000;9300014;Ishraqa 13;;;;;
9300000;9300015;Ishraqa 15;;;;;
12200000;12200001;Magna 1;;;;;https://www.magna.com.sa/project/magna-1/
12200000;12200002;Magna 1;;;;;https://www.magna.com.sa/project/طاب-واحد/
12200000;12200003;Magna 3;;;;;https://www.magna.com.sa/project/magna-3/
12200000;12200004;Magna 4;;;;;https://www.magna.com.sa/project/magna-4/
12200000;12200005;Magna 2;;;;;
12200000;12200006;Magna 5;;;;;https://www.magna.com.sa/project/magna-5/
12200000;12200007;Magna 6;;;;;https://www.magna.com.sa/project/magna-6/
12200000;12200008;Magna 8;;;;;https://www.magna.com.sa/project/magna-8-9/
12200000;12200009;Magna 23;;;;;https://www.magna.com.sa/project/مغنى-23-حي-العارض/
12200000;12200010;Magna 24;;;;;https://www.magna.com.sa/project/مغنى-24-حي-النرجس/
12200000;12200011;Magna 25;;;;;https://www.magna.com.sa/project/مغنى25-حي-العارض/
12200000;12200012;Magna 26;;;;;https://www.magna.com.sa/project/magna-26/
12200000;12200013;Magna 28;;;;;https://www.magna.com.sa/project/مغنى-28-حي-النرجس/
12200000;12200014;Magna 30;;;;;
12200000;12200015;Magna 32;;;;;https://www.magna.com.sa/project/مغنى-32-حي-النرجس/
12200000;12200016;Magna 33;;;;;https://www.magna.com.sa/project/مغنى-33-حي-العارض/
12200000;12200017;Magna 35;;;;;https://www.magna.com.sa/project/مغنى-35-حي-النرجس/
12200000;12200018;Magna 39;;;;;https://www.magna.com.sa/project/مغنى-39-حي-العارض/
12200000;12200019;Magna 41;;;;;https://www.magna.com.sa/project/حي-العارض-مغنى-41/
12200000;12200020;Magna 42;;;;;https://www.magna.com.sa/project/مغنى-42-حي-العارض/
12200000;12200021;Magna 43;;;;;https://www.magna.com.sa/project/مغنى-43-حي-العارض/
12200000;12200022;Magna 45;;;;;https://www.magna.com.sa/project/مغنى-45-حي-العارض/
12200000;12200023;Magna 47;;;;;https://www.magna.com.sa/project/مغنى-47-حي-الغدير-أدوار/
12200000;12200024;Magna 48;;;;;https://www.magna.com.sa/project/مغنى-48/
12200000;12200025;Magna 61;;;;;https://www.magna.com.sa/project/مشروع-المجالات-61-حي-العارض/
12200000;12200026;Magna 63;;;;;https://www.magna.com.sa/project/مجالات-63-حي-المونسية-أدوار/
12200000;12200027;Magna 64;;;;;https://www.magna.com.sa/project/مجالات-64-حي-المونسية-شقق/
12200000;12200028;Magna 67;;;;;https://www.magna.com.sa/project/مجالات-67-حي-الرمال/
12200000;12200029;Magna 68;;;;;https://www.magna.com.sa/project/المجالات-68-العارض-شقق/
12200000;12200030;Magna 69;;;;;https://www.magna.com.sa/project/المجالات-69-العارض-شقق/
12200000;12200031;Magna 71;;;;;https://www.magna.com.sa/project/المجالات-71-حي-المنار/
12200000;12200032;Magna 72;;;;;https://www.magna.com.sa/project/المجالات-72/
12200000;12200033;Magna 108 (apart.);;;;;https://www.magna.com.sa/project/واعد-108/
12200000;12200034;Magna 108 (villas);;;;;
1300000;1300007;Asala Residence - Al Nahdah;اصالة ريزيدنس - النهضة;ready;Apartments;;https://www.alhabibinv.com/projects/details/19/asala-residence-al-nahdah-riyadh/en
1300000;1300008;Asala Residence - Al Jazeera;اصالة ريزيدنس - الجزيرة;ready;Apartments;;https://www.alhabibinv.com/projects/details/4/asala-residence-al-jazeera/en
1300000;1300009;Asala Residence - Al Malqa;اصالة ريزيدنس - الملقا;ready;Apartments;;https://www.alhabibinv.com/projects/details/11/asala-residence-al-malqa/en
1300000;1300010;Eyal Riyadh Heights;إيال رياض هايتس;ready;Villas;;https://www.alhabibinv.com/projects/details/42/eyal-riyadh-heights/en
1300000;1300011;Asala Al Juwan;أصالة الجوان;ready;Villas;;https://www.alhabibinv.com/projects/details/10/asala-al-juwan/en
1300000;1300012;Tura;تُرى;planned;Offices/Apartments;;https://www.alhabibinv.com/projects/details/51/tura/en
8000000;8000002;Oluo 08;;;;;
8000000;8000003;Oluo 09;;;;;
8000000;8000004;Oluo 10;;;;;
8000000;8000005;Oluo Height 13;;;;;https://ioluo.com/project_13.html
8000000;8000006;Oluo 14;;;;;https://ioluo.com/project_15.html
8000000;8000007;Oluo Height 15;;;;;https://ioluo.com/project_16.html
8000000;8000008;Olou Height 16;;;;;
8900000;8900008;Zan residence;;;;;https://darbayat.sa/ar/المشاريع/زان-ريزيدانس/
8900000;8900009;Bayat Viila 03;;;;;https://darbayat.sa/ar/المشاريع/بيات-فيلا-03/
8900000;8900010;Bayat Villa 04;;;;;https://darbayat.sa/ar/المشاريع/بيات-فيلا-04/
8900000;8900011;Bayat 01;;;;;https://darbayat.sa/ar/المشاريع/فيلا-بيات-01/
8900000;8900012;Bayat 10;;;;;https://darbayat.sa/ar/المشاريع/بيات-10/
8900000;8900013;Bayat 11;;;;;https://darbayat.sa/ar/المشاريع/بيات-11/
8900000;8900014;Bayat 12;;;;;https://darbayat.sa/ar/المشاريع/بيات-12/
8900000;8900015;Bayat 13;;;;;https://darbayat.sa/ar/المشاريع/بيات-13/
8900000;8900016;Bayat 15;;;;;https://darbayat.sa/ar/المشاريع/بيات-15/
8900000;8900017;Bayat 16;;;;;https://darbayat.sa/ar/المشاريع/بيات-16/
8900000;8900018;Bayat 17;;;;;https://darbayat.sa/ar/المشاريع/بيات-17/
8900000;8900019;Bayat 18;;;;;https://darbayat.sa/ar/المشاريع/بيات-18/
8900000;8900020;Bayat 19;;;;;https://darbayat.sa/ar/المشاريع/بيات-19/
8900000;8900021;Bayat 20;;;Apartments;;
8900000;8900022;Bayat 21;;;;;https://darbayat.sa/ar/المشاريع/بيات-21/
8900000;8900023;Bayat 22;;;;;https://darbayat.sa/ar/المشاريع/بيات-فلاتس-22/
1400000;1400046;WATAD Tower;;;;;https://alajlaninvest.com/#map
12300000;12300001;Sayl 24;;;;;https://saylksa.com/project/sayl-24/
12300000;12300002;Sayl 25;;;;;https://saylksa.com/en/project/sayl-25/#register
12300000;12300003;Sayl 26;;;;;https://saylksa.com/en/project/sayl-26/
12300000;12300004;Sayl 28;;;;;https://saylksa.com/en/project/sayl-28/
12300000;12300005;Sayl 31;;;;;https://shurfah.com.sa/project-landing-sayl/sayl-31/?lang=en
12300000;12300006;Sayl 32;;;;;https://saylksa.com/en/project/sayl-32/
12300000;12300007;Sayl 33;;;;;https://saylksa.com/en/project/sayl-33/
12300000;12300008;Sayl 34;;;;;https://saylksa.com/en/project/sayl-34/
12300000;12300009;Sayl 35;;;;;
12300000;12300010;Sayl 37;;;;;https://saylksa.com/en/project/sayl-37/
5900000;5900001;Nassem Khuzam;;;;;https://tiraz.com.sa/projects/nassem-khuzam/
5900000;5900002;Tiraz Avenue;;;;;https://tiraz.com.sa/projects/tiraz-avenue/
5900000;5900003;Tiraz Qutoof;;;;;https://tiraz.com.sa/projects/qutoof/
5900000;5900004;Tiraz Pavilon;;;;;https://tiraz.com.sa/projects/tiraz-pavilon/
5900000;5900005;Tiraz Gardens;;;;;https://tiraz.com.sa/projects/tiraz-gardens-2/
5900000;5900006;Cave;;;;;https://tiraz.com.sa/مشروع-الكهف/
8400000;8400004;Diaar 4;;;;;https://diaar.sa/en/project_name/ديار-4/
8400000;8400005;Diaar 5;;;;;https://diaar.sa/en/project_name/ديار-5/
8400000;8400006;Diaar 6;;;;;https://diaar.sa/en/project_name/ديار-6/
8400000;8400007;Diaar 7;;;;;https://diaar.sa/en/project_name/ديار-7/
8400000;8400008;Diaar 8;;;;;https://diaar.sa/en/project_name/ديار-8/
8400000;8400009;Diaar 9;;;;;https://diaar.sa/en/project_name/ديار-9/
8400000;8400010;Diaar 10;;;;;https://diaar.sa/en/project_name/ديار-10/
8400000;8400011;Diaar 11;;;;;https://diaar.sa/en/project_name/ديار-11/
8400000;8400012;Diaar 12;;;;;https://diaar.sa/en/project_name/ديار12/
8400000;8400013;Diaar 13;;;;;https://diaar.sa/en/project_name/ديار-13/
8400000;8400014;Diaar 14;;;;;https://diaar.sa/en/project_name/ديار-14/
8400000;8400015;Diaar 15;;;;;https://diaar.sa/en/project_name/ديار-15/
8400000;8400016;Diaar 16;;;;;https://diaar.sa/en/project_name/ديار-16/
8400000;8400017;Diaar 17;;;;;https://diaar.sa/en/project_name/ديار-17/
8400000;8400018;Diaar 18;;;;;https://diaar.sa/en/project_name/ديار-18/
8400000;8400019;Diaar 19;;;;;https://diaar.sa/en/project_name/ديار-19/
8400000;8400020;Diaar 20;;;;;https://diaar.sa/en/project_name/ديار-20/
8400000;8400021;Diaar 21;;;;;https://diaar.sa/en/project_name/ديار-21/
8400000;8400022;Diaar 22;;;;;https://diaar.sa/en/project_name/ديار-22/
8400000;8400023;Diaar 24;;;;;https://diaar.sa/en/project_name/ديار-24/
8400000;8400024;Diaar 25;;;;;https://diaar.sa/en/project_name/diiar25/
8400000;8400025;Diaar 26;;;;;https://diaar.sa/en/project_name/diaar26/
8400000;8400026;Diaar 27;;;;;https://diaar.sa/en/project_name/diaar27/
8400000;8400027;Diaar 28;;;;;https://diaar.sa/en/project_name/diaar28/
8400000;8400028;Diaar 29;;;;;https://diaar.sa/en/project_name/diaar29/
4500000;4500002;Calma 10;;;;;https://calma.sa/complexe/nr100
4500000;4500003;Calma 11;;;;;https://calma.sa/complexe/rm110
4500000;4500004;Calma JN130;;;;;https://calma.sa/complexe/jn130
4500000;4500005;Calma NR150&NR160;;;;;https://calma.sa/complexe/nr160, https://calma.sa/complexe/nr150
4500000;4500006;Calma YS170;;;;;https://calma.sa/complexe/ys170
4500000;4500007;Calma SH90;;;;;https://calma.sa/complexe/sh90
2600000;2600002;Al Olaya Residential Tower;;;;;https://www.aladwan.com.sa/project/alolaya-residential-tower
2600000;2600003;Al Adwan Residential Tower;;;;;https://www.aladwan.com.sa/project/aladwan-residential-tower
2600000;2600004;Al Qirawan Building;;;;;https://www.aladwan.com.sa/project/alqirawan-building
2600000;2600005;Sanam Tower;;;;;https://www.aladwan.com.sa/project/sanam-tower
2600000;2600006;Signature;;;;;https://www.aladwan.com.sa/project/signature
4600000;4600002;Sukun Tower;;;;;https://wathbah.sa/en/our-projects/sukun/
4600000;4600003;Jahez;;;;;https://wathbah.sa/en/our-projects/jahez/
3800000;3800002;Jatheer Tower;;;;;https://saudi4d.com/en/project-detail/Jatheer%20Tower
600000;600001;Elie Saab;;;;;https://www.daralarkan.com/project/etoile-by-elie-saab/
600000;600002;Shams;;;;;https://www.daralarkan.com/project/shams-ar-riyadh-ksa/
2300000;2300003;Palms Villas;;;;;https://www.albasateen.sa/palm-villa
2300000;2300004;Gardens Villas;;;;;https://www.albasateen.sa/garden
2300000;2300005;Hills Residential Villas;;;;;https://www.albasateen.sa/hills
2300000;2300006;Palm View ofiices;;;;;
2300000;2300007;Albasateen Offices;;;;;https://www.albasateen.sa/basateen-office
12400000;12400001;Khawalid 1;;;;;
12400000;12400002;Khawalid 4;;;;;
12400000;12400003;Khawalid 7;;;;;
12400000;12400004;Khawalid 8;;;;;
12400000;12400005;Khawalid 9;;;;;
12400000;12400006;Khawalid 10;;;;;
12400000;12400007;Khawalid 11;;;;;
12400000;12400008;Khawalid 12;;;;;
12400000;12400009;Khawalid 13;;;;;
12400000;12400010;Khawalid 15;;;;;
12500000;12500001;Sekak Masharef;;;;;https://sekak.com/en/projects/sekak-masharef/
12500000;12500002;Sekak Almuhrah;;;;;https://sekak.com/en/projects/sekak-almuhra/
12500000;12500003;Sekak Telala;;;;;https://sekak.com/en/projects/sekak-telala/
12500000;12500004;Sekak Alghadeer;;;;;https://sekak.com/en/projects/sekak-alghadeer/
10700000;10700005;Najd One;;;;;https://reportageuae.com/en/project-details/najd
12600000;12600001;Nayan 4845;;;;;https://nayan.sa/#/4845
12600000;12600002;Nayan 3832;;;;;https://nayan.sa/#/3832
12600000;12600003;Nayan 2909;;;;;https://nayan.sa/#/2909
12600000;12600004;Nayan 3569;;;;;https://nayan.sa/#/3569
12600000;12600005;Nayan 3299;;;;;https://nayan.sa/#/3299
12600000;12600006;Nayan 7580;;;;;https://nayan.sa/#/7580
12600000;12600007;Nayan 3794;;;;;https://nayan.sa/#/3794
12600000;12600008;Nayan 3839;;;;;https://nayan.sa/#/3839
12600000;12600009;Nayan 2880;;;;;https://nayan.sa/#/2880
12600000;12600010;Nayan 7119;;;;;https://nayan.sa/#/7119
12600000;12600011;Nayan 7110;;;;;https://nayan.sa/#/7110
5700000;5700001;Alkhoyool 58;;;;https://drive.google.com/drive/folders/1ydL4PyMO9K8K8hp_TMebFvJWPwM26n9e?usp=sharing;
5700000;5700002;Alkhoyool Sakina 9;;;;https://drive.google.com/drive/folders/1ydL4PyMO9K8K8hp_TMebFvJWPwM26n9e?usp=sharing;
5700000;5700003;Alkhoyool Uptown;;;;https://drive.google.com/drive/folders/1ydL4PyMO9K8K8hp_TMebFvJWPwM26n9e?usp=sharing;
5700000;5700004;Alkhoyool Uptown;;;;https://drive.google.com/drive/folders/1ydL4PyMO9K8K8hp_TMebFvJWPwM26n9e?usp=sharing;
5700000;5700005;Alkhoyool Sakina 10;;;;https://drive.google.com/drive/folders/1ydL4PyMO9K8K8hp_TMebFvJWPwM26n9e?usp=sharing;
6100000;6100001;U walk;;;;;https://centers.cenomi.com/malls/u-walk-riyadh/
6100000;6100002;The View;;;;;https://centers.cenomi.com/malls/the-view/
6100000;6100003;Salaam mall;;;;;https://centers.cenomi.com/malls/al-salaam-mall-riyadh/
6100000;6100004;Tala mall;;;;;https://centers.cenomi.com/malls/tala-mall/
6100000;6100005;Jewel of Riyadh;;;;;https://centers.cenomi.com/sa-ar/malls/jawharat-riyadh/
6100000;6100006;Al Nakheel Mall;;;;;https://centers.cenomi.com/malls/al-nakheel-mall-riyadh/
6100000;6100007;Al Hamra Mall;;;;;https://centers.cenomi.com/malls/al-hamra-mall/
12700000;12700001;Garden Tower;;;;;https://alargan.com.sa/en/garden-tower/
12700000;12700002;Green Oasis;;;;;https://alargan.com.sa/project/green-oasis/?lang=en
12700000;12700003;Sama;;;;;https://alargan.com.sa/project/مخطط-ســما-الرياض/
12800000;12800001;Valen Tower;;;;;https://syad.com.sa/valen-3/
12800000;12800002;Lumera;;;;;https://syad.com.sa/en/lumera/
12800000;12800003;V compound;;;;;https://syad.com.sa/en/the-v-compound/
12100000;12100001;Al-Joud COMPLEX 1368;;;;;https://aljoudrealestate.com/en/1368-complex-en/
12100000;12100002;Dura Aljoud Towers;;;;;https://durataljoud.sa/en/home-2/
12100000;12100003;1383 COMPLEX;;;;;https://aljoudrealestate.com/en/1383-complex-2/
900000;900001;Alasila;;;;;https://sumou.com.sa/alasila-eng/
900000;900002;Altameer;;;;;https://sumou.com.sa/riyadh-altameer-real-estate-fund-eng/
900000;900003;Sumou park;;;;;https://sumou.com.sa/sumou-park-eng/#pro-en
12900000;12900001;Future City & Asdaam project;;;;;https://almozaini.sa/en/future-city-2/
12900000;12900002;Riyadh Grove;;;;;https://almozaini.sa/en/riyadh-grove-2/
12900000;12900003;East Gate;;;;;
12900000;12900004;Granada housing scheme;;;;;https://almozaini.sa/en/our-previous-projects/
13000000;13000001;Antiquity 1;;;;;https://www.rasf.sa/listing/araqa-1
13000000;13000002;Antiquity 2;;;;;
13000000;13000003;Antiquity 4;;;;;https://www.rasf.sa/listing/araqah-4
13000000;13000004;Mandevilla 9;;;;;
13000000;13000005;Rasf Araqah 11;;;;;
13000000;13000006;Infinity 14;;;;;https://www.rasf.sa/listing/infiniti
13000000;13000007;Infinity 16;;;;;https://www.rasf.sa/listing/infiniti-16
13000000;13000008;Antiquity 18;;;;;https://www.rasf.sa/listing/aarq-18
13000000;13000009;Yard 19;;;;;
13000000;13000010;Mandevilla 20;;;;;
13000000;13000011;Yard 21;;;;;
13000000;13000012;Elite 23 Antiquity;;;;;https://www.rasf.sa/listing/aarq-lyt-23
13000000;13000013;Elite 24 Antiquity;;;;;
13000000;13000014;Rasf Tower;;;;;https://www.rasf.sa/project-city/riaydh
4000000;4000002;Safwat Alnarges;;;;;https://www.anan.com.sa/project-details/4
13100000;13100001;Business Yard;;ongoing;Office;https://publuu.com/flip-book/363363/837114;https://www.heyazah.com/en/commercial/business-yard
13100000;13100002;LEX;;ongoing;Office;https://publuu.com/flip-book/363363/836968;https://www.heyazah.com/en/commercial/lex
13100000;13100003;SKYLINE;;ongoing;Office;https://publuu.com/flip-book/363363/836978;https://www.heyazah.com/en/commercial/skyline
13100000;13100004;Takamul;;;;;https://www.heyazah.com/en/commercial/takamul
13100000;13100005;Sigma;;ready;Office;;https://www.heyazah.com/en/commercial/sigma
13100000;13100006;Heyazah Gate;;ongoing;Office;;https://www.heyazah.com/en/commercial/heyazah-gate
13100000;13100007;WAHA Gate;;;;;https://www.heyazah.com/en/commercial/waha-gate
13100000;13100008;WAHA Waves;;;;;https://www.heyazah.com/en/commercial/waha-waves
13100000;13100009;Heyazah Compound;;;;;https://www.heyazah.com/en/شقق-حي-الجزيره
13100000;13100010;Roofs Villas;;;Villas;;https://www.heyazah.com/en/roofs-villa
13100000;13100011;S Tower;;ongoing;Office;https://publuu.com/flip-book/363363/2201422;https://www.heyazah.com/en/commercial/the-s-tower
13100000;13100012;Prime Square;;ongoing;Office;;https://www.heyazah.com/en/commercial/prime-square
13200000;13200001;Kings Gate;;ongoing;Offices;https://drive.google.com/file/d/1ob7jfrVvUZoxYddRSYa-u7ubYbExZcsd/view?usp=drive_link;https://nawaat.sa/en/portfolio/nawat-sir-saif/
13200000;13200002;Raise;;ongoing;Offices;https://drive.google.com/file/d/1p1FDoDZlCBW1nkNM1cGo2yEkT9i6P3G9/view?usp=drive_link;https://nawaat.sa/en/portfolio/nawat-garden/
13200000;13200003;Nawat Rise;;ongoing;Offices;;https://nawaat.sa/en/portfolio/rise/
13200000;13200004;Nawat Tower;;ongoing;Offices;https://drive.google.com/file/d/1tBXfiB3I4UV_EfhzU5g5ntQdabS7rG6-/view?usp=drive_link;https://nawaat.sa/en/portfolio/nawat-tower/
13200000;13200005;Al Badi'ah Center;;ready;Commercial;;https://nawaat.sa/en/portfolio/%d9%85%d8%b1%d9%83%d8%b2-%d8%a7%d9%84%d8%a8%d8%af%d9%8a%d8%b9%d8%a9/
13200000;13200006;Anas ibn Malik Center;;ready;Commercial;;https://nawaat.sa/en/portfolio/%d9%85%d8%b1%d9%83%d8%b2-%d8%a7%d9%86%d8%b3-%d8%a8%d9%86-%d9%85%d8%a7%d9%84%d9%83/
13200000;13200007;Allia 1;;ready;Villas;;https://nawaat.sa/en/portfolio/عليا-1/
13200000;13200008;Rasen Center;;ready;Commercial;;https://nawaat.sa/en/portfolio/%d8%a7%d9%84%d8%b3%d9%8a%d9%81-%d8%ba%d8%a7%d9%84%d9%8a%d8%b1%d9%8a-%d8%a7%d9%84%d8%b9%d8%a7%d8%b1%d8%b6/
13200000;13200009;Tuwaiq Center;;ready;Commercial;;https://nawaat.sa/en/portfolio/%d8%a7%d9%84%d8%b3%d9%8a%d9%81-%d8%ba%d8%a7%d9%84%d9%8a%d8%b1%d9%8a-%d8%b7%d9%88%d9%8a%d9%82/
13200000;13200010;Business center;;ready;Commercial;;https://nawaat.sa/en/portfolio/Business-Center/
13200000;13200011;Trip center;;ready;Commercial;;https://nawaat.sa/en/portfolio/%d9%85%d8%b1%d9%83%d8%b2-%d8%a7%d9%84%d8%b1%d8%ad%d9%84%d8%a7%d8%aa/
13200000;13200012;Center of Excellence;;ready;Commercial;;https://nawaat.sa/en/portfolio/Center-of-Excellence/
13200000;13200013;Palm Center;;ready;Commercial;;https://nawaat.sa/en/portfolio/%d9%85%d8%b1%d9%83%d8%b2-%d8%a7%d9%84%d9%86%d8%ae%d9%84%d8%a9-%d8%a7%d9%84%d8%aa%d8%ac%d8%a7%d8%b1%d9%8a/
13200000;13200014;Al Sabala Union;;ready;Commercial;;https://nawaat.sa/en/portfolio/Al-Sabala-Union/
13200000;13200015;Al Sabala Center;;ready;Commercial;;https://nawaat.sa/en/portfolio/Al-Sabala-Center/
13200000;13200016;North Residence;;ready;Apartments;;https://nawaat.sa/en/portfolio/North-Residence-2/
13200000;13200017;North Apart;;ready;Apartments;;https://nawaat.sa/en/portfolio/north-apart/
13200000;13200018;Allia +;;ready;Villas;;https://nawaat.sa/en/portfolio/alia-plus/
13200000;13200019;Stone;;ready;Commercial;;https://nawaat.sa/en/portfolio/hittin/
13300000;13300001;Four Seasons Hotel & Private Residences Jeddah;فندق ومساكن فورسيزونز الخاصة;ready;Apartments;https://drive.google.com/drive/folders/1LlqWkKGHZziaSiutaM_FazvRFnWXfQes?usp=drive_link;https://midad.com.sa/en/four-season
13300000;13300002;Atlantis;أتلانتس;planned;Apartments;;
13300000;13300003;One&Only;ون أند أونلي;planned;Apartments;;
6800000;6800002;Shetal Tower;برج شيتال;ongoing;Apartments;https://drive.google.com/file/d/1UiWTd8zfJT9wlV2OMkniLVzI0Y1GDJH8/view?usp=drive_link;https://www.abyatona.com/en/communities/shetal
6800000;6800003;Abyatona Rise;أبياتنا رايز;ongoing;Apartments;https://drive.google.com/file/d/13GSQ3YLgcoQ6EWNLZXhZj4yanby5S0ew/view?usp=drive_link;https://www.abyatona.com/en/communities/rise
6800000;6800004;Abyatona Rivora;أبياتنا ريڤورا;ongoing;Apartments;https://drive.google.com/file/d/1km-Z_LjBi2Q4-FlWH4Tiyeo9qoF3UpNT/view?usp=drive_link;https://www.abyatona.com/en/communities/rivora
9700000;9700002;Ezdihar Hills;ازدهار هيلز;ongoing;Apartments;;https://www.ezdihar.com/project/8-ezdihar-hills
9700000;9700003;Ezdihar Park;ازدهار بارك;ongoing;Offices;;https://www.ezdihar.com/project/5-ezdihar-park
9700000;9700004;Jeddah Cove;جدة كوف;ongoing;Commercial;;https://www.ezdihar.com/project/1-jeddah-cove
