project_id;GFA;NSA;Floors;Units;Average_unit_area;Start_of_sales;End_of_sales;Handover;percent_of_sold;
100001;;;;;;;;;;Retal Heights
200001;;;33;140;;01.11.2025;;01.01.2028;;Makanah
300001;;9926;29;201;85;01.12.2025;;;;First Projects Tower, Al-Sahafa District
300002;;9926;36;106;94;01.04.2025;;31.12.2028;28%;First Projects Tower, Al-Olya District
400001;186073;;;;;01.09.2025;;;34%;Osus Eye
4600001;;;29;;;01.02.2026;;31.09.2028;;Thuraya Tower
3600001;;4871;24;41;119;01.02.2026;;31.12.2028;;I-Qube Tower
3700001;;5494;24;49;112;01.02.2026;;31.09.2028;;Malfa Tower
2700008;;;18;70;;;;31.06.2028;;Centrina
4300001;;41128;32;346;119;01.02.2026;;31.12.2027;;Centra Tower
4100001;160000;62481;53;450;139;;;;;Urubah Tower
4200001;;5222;28;41;127;;;31.06.2028;;Summit Tower
2900004;;24586;28;193;127;01.12.2025;;;;Sufana 5&6
3000001;;6136;26;46;133;01.09.2025;;31.12.2028;;Rayah Tower
3900001;;13157;23;90;146;;;;;Naya Tower
4000001;;7630;30;32;238;;;;;Anan View Tower
4700001;;7840;20;49;160;;;01.10.2026;;Mena Rise Tower
4400001;;11300;27;92;123;01.04.2025;31.10.2025;;100%;Horizon Tower
4500001;;5038;22;38;133;01.04.2025;;29.10.2027;;Calma Al Sahafah Tower
1500001;;45044;33;390;115;;;;;Lavie Yard
1500002;;;;;;;;;;Elevee
2200001;;;;470;;01.11.2023;;31.12.2026;;Live in Liwan
3400001;;6046;24;43;141;01.01.2025;;31.06.2027;;Elite Tower
3500001;;9560;30;76;126;01.02.2025;31.04.2025;31.09.2027;100%;V Tower
3200003;;6544;24;41;160;01.01.2025;31.04.2025;31.12.2027;100%;Royal Residence 2
2800001;;9020;24;36;196;01.12.2024;31.10.2025;31.12.2025;100%;Majestic
3800001;;15860;26;97;164;01.09.2024;;31.09.2027;100%;Yamama City Center
2500004;;6296;26;38;166;;;31.12.2026;100%;Polaris
2800002;;6716;25;38;177;;31.01.2025;31.12.2027;100%;Ivory Tower 1
2800003;;6716;25;38;177;01.01.2025;31.10.2025;31.12.2027;100%;Ivory Tower 2
2800004;;6716;25;38;177;;;31.12.2027;100%;Ivory Tower 3
3100001;;7156;19;31;231;;;31.12.2023;;Jood 3
3100002;;7548;18;48;157;;;31.12.2023;;Jood 4
3100003;;6429;18;42;153;;;31.12.2023;;Jood 5
3100004;;;27;;;;;;;Jood 6
3100005;;9029;27;48;188;;;;;Jood 7
3100006;;11308;26;92;123;;;;;Jood 8
3100007;;8569;25;44;195;;;;;Jood 9
3200001;;6240;21;40;156;;;31.12.2023;100%;Royal Residence 1
2800005;;5964;20;32;186;;;31.03.2026;100%;Balconia Tower
2900001;;5756;25;41;140;01.03.2025;;;;Sufana 4
2900002;;7786;24;42;185;;;31.06.2026;100%;Sufana 3
2900003;;7879;23;42;188;;;31.12.2023;100%;Sufana 2
3200002;;7196;18;45;160;;;31.12.2023;100%;Judya
2700001;13000;9257;28;69;134;01.01.2022;;31.12.2025;;Oval
2700002;10000;6655;8;48;139;;;;100%;M Residence Dabab
2700003;6000;3366;16;28;120;;;31.12.2023;100%;M Residence North
2700004;3000;2079;12;17;122;;;31.12.2024;100%;M Residence South
2700005;;;14;60;;;;31.12.2024;;Riyadh Sentral
2700006;18000;11492;24;90;128;;;31.12.2023;;Twin Towers
2700007;45000;31710;28;246;129;01.01.2024;;31.12.2026;;Curves Residence
3300001;;10900;31;75;145;;;31.12.2025;100%;Palms Residence Tower
2500001;;;27;111;;;;30.11.2027;100%;Alawaly Rise
2500002;;;31;106;;01.12.2025;;31.06.2028;;Alwaly Business Center
2500003;;;45;192;;01.10.2025;;31.06.2028;;Alawaly Tower
2600001;;;27;122;;01.02.2026;;31.12.2027;;Al Adwan Offfice Tower
400002;;;;;;;;;;Osus Prime
400003;;;;;;01.12.2025;;31.12.2029;;Osus Makan
400004;20475;6311;24;35;180;;;;;Osus Edge
400005;35155;;20;34;;;;;;Osus Green Tower
2700009;;;;;;;;;;Meem Heights
400006;382465;;3;1088;;;;;;Sajaya by OSUS
1300001;204479;;;515;;;;;100%;Eyal Al-Khuzam
1300002;251303;;;742;;;;;;Eyal Al Fursan
1300003;;;;;;;;;;Ala Al-Yasmin
1300004;;;;1492;;;;;;Kaheel
1300005;98971;;;455;;;;;100%;Eyal Al Asala
1300006;750000;;;;;;;;;Enar
2500004;;;;;;;;;;Andalus Commercial Complex
200002;;;;;;;;;;Al Majdiah 165
200003;;;4;;;;;;;Al Majdiah 173
200004;;;;;;;;;;Al-Mashriqiyah 2
200005;;;;;;;;;;Al Majdiah 171
200006;;;;;;;;;;Al Majdiah 170
200007;;;;;;;;;;Al Majdiah 178
200008;;;;;;;;;;Al-Mashriqiyah 1
200009;;;;;;;;;;Al Majdiah 174
200010;;;;;;;;;;Al Majdiah 166
200011;;;;;;;;;;Al Majdiah 183
1500003;;;;;;;;;;Opal
4800001;;3952;3;14;282;;;;;Wakan 41
4800002;33000;28729;4;;;;;;;Wakan 36
4800003;4398;1164;3;11;106;;;;;Wakan 42
4800004;;5276;3;24;220;;;;33%;Wakan 038
4800005;;3800;3;16;238;;;;;Wakan 39
4800006;;1443;3;9;160;;;;;Wakan 46
4800007;;7326;4;29;253;;;;;Wakan 45
4800008;44578;14578;3;;;;;;;Wakan 40
1100001;;;;;;;;;;Safa Al Fursan
1100002;;;;;;;;;;Safa 78
1100003;;;4;140;;;;;;Safa 80
1100004;;;;;;;;;;Safa 82
100002;155312;;;;;;;;;Ewan Sedra
100003;412357;;;947;;;;;;Ewan Khuzam
100004;72733;;7;366;;;;;100%;Roya Sedra
100005;187340;;;759;;;;;;Nassaj Town Al Fursan
4900001;;;;136;;;;31.12.2029;;Dyar Alharam
2000001;;;4;12;;;;;83%;Aleen 88
2000002;;;;;;;;;100%;Aleen 90
2000003;;;;;;;;;100%;Aleen 96
2000004;;;4;16;;;;;94%;Aleen 102
2000005;;;;;;;;;100%;Aleen 104
2000006;;;4;23;;;;15.03.2026;82%;Aleen 112
2000007;;;;;;;;;100%;Aleen 120
2000008;;;4;20;;;;01.05.2026;95%;Aleen 122
2000009;;;4;11;;;;20.06.2026;9%;Aleen 126
2000010;;;3;31;;;;30.11.2026;6%;Aleen 130
2000011;;;4;11;;;;30.08.2026;10%;Aleen 138
2000012;;;4;14;;;;30.04.2027;0%;Aleen 142
2000013;;;4;14;;;;31.03.2027;0%;Aleen 144
2000014;;;3;10;;;;31.03.2027;10%;Aleen 146
2000015;;;4;14;;;;30.04.2027;0%;Aleen 154
400007;11679;;;;;;;;;Osus Alpha
1200001;55315;;;120;;;;;;Raffles Residences Jeddah
1200002;;;;;;;;;;MASAR-MAAB
1200003;;;;;;;;;;THEE ERTH
1200004;;;;;;;;;;Ezla Residential
1200005;53096;;2;68;;;;;;Fayan Offices
2400001;26223;22355;20;165;;;;;;Sadan Residence
2400002;;;;148;;;;;;Hayat Rise Al Murooj
2300001;;;;;;;;;;Al Basateen Tower
2300002;;;;;;;;;;King's Square
1100006;;;;;;;;;;Safa 99
6200001;27983;;4;139;;;;;88%;Makeen 63
6200002;21916;;4;125;;;;;69%;Makeen 64
6200003;;;4;75;;;;;48%;Makeen 66
6200004;;;3;296;;;;;13%;Al-mashriqya
6200005;;;4;74;;;;;30%;Makeen 72
6200006;;;4;62;;;;;24%;Sana Makeen
500001;;;;;;;;;;Rayya Al Nakheel
4300002;;;3;203;;;;;;Tuwaiq Center
4300003;;;3;408;;;;;;Maha
6300001;;;;;;;;;;Jawharat Al Fursan almarhalat althaania
6300002;;;;;;;;;;Jawharat Khuzam
6300003;;;;;;;;;;Jawharat alrubaa
6400001;;;;;;;;;;Raseen Reagan Hills
6400002;;;;;;;;;;Darat alfursan 2
6400003;;;;;;;;;;Raseen Khuzam
6400004;;;;;;;;;;Raseen Sedra
6400005;;;;;;;;;;Ajdan 2
6500001;;;;;;;;;;Almuhamil 100
6500002;;;;;;;;;;Almuhamil 105
6500003;;;;;;;;;;Almuhamil 115
6500004;;;;;;;;;;Almuhamil 120
6500005;;;;;;;;;;Almuhamil 125
6600001;;;;;;;;;;Allegria 3
6600002;;;;;;;;;;Allegria 4
6700002;;;;;;;;;;Tuwaiq Fund Project 2
6700001;;;;444;;;;07.07.2027;;Tuwaiq Fund Project 1
6800001;;;;433;;;;;;Abyatona Rose
6900001;;;;;;;;;;Aknan 24
0;;;;;;;;;;0
0;;;;;;;;;;Burj Hammoud Ibrahim Al-Dhiyab
0;;;;;;;;;;Masheed 10
7400001;;;;;;;;;;Dama Al-Mashriqiya
7400002;;;;;;;;;;Al Khayala 28
0;;;;;;;;;;The oryx
7600001;;;;;;;;;;Eawalaa Al Fursan
7600002;;;;;;;;;;Eawalaa Al Narjis
7700001;;;;;;;;;;0
7700002;;;;;;;;;;0
7700003;;;;;;;;;;0
0;;;;;;;;;;Al-Muruj 3
7900001;;;;299;;;;;;Sama Al Fursan 2
7900002;;;;534;;;;;;Sama Al Fursan
8000001;;;;;;;;;;Aloo 28
8100001;;;;;;;;;;Enbar 10
8200001;;;;;;;;;;Arjan Al-Maghamis
8200002;;;;;;;;;;Arjan Hills
8200003;;;;;;;;;;Arjan Signature
8300001;;;;108;;;;;;Park View
8400001;;;;48;;;;;;Diyar 31
8400002;;;;52;;;;;;Diyar 33
8400003;;;;191;;;;;;Diyar 25
8500001;;;;;;;;;;Bada 37
8500002;;;;;;;;;;Bada 36
8500003;;;;;;;;;;Bada 41
8600001;;;;;;;;;;Our House 1
8600002;;;;;;;;;;Our House 2
8700001;;;;;;;;;;Azyan Khuzam
8700002;;;;;;;;;;Azyan Nimar
8700003;;;;;;;;;;Azyan Al Fursan
8800001;;;;;;;;;;Dana Al Janadriyah 2
8800002;;;;;;;;;;Al Rimal 6
8900001;;;;24;;;;;;Rizi 24 Hittin
8900002;;;;33;;;;;;Rizi 33 Narjis
8900003;;;;20;;;;;;Rizi 20 Narjis
8900004;;;;24;;;;;;Rizi 24 Al Taeawun
8900005;;;;18;;;;;;Rizi 18 Narjis
8900006;;;;46;;;;;;Rizi 46 Al Rabie
8900007;;;;;;;;;;Bayat Hills
9000001;;;;718;;;;;;Saraya Al Fursan
9000002;;;;1298;;;;;;Tala Al-Khuzam
9000003;;;;49;;;;;;Saraya Homes
9000004;;;;;;;;;;Saraya Al Ruba
9000005;;;;;;;;;;Al Fursan Communities
9000006;;;;;;;;;;Al Narjis Communities
0;;;;;;;;;;Thuraya Tower
9200001;;;;701;;;;;;Asdam
9200002;;;;724;;;;;;Asas Tamim Real Estate
9300001;;;;;;;;;;Ishraqat Al Asala
9400001;;;;;;;;;;Haven
9400002;;;;46;;;;;;La Vista
9500001;;;;;;;;;;Malfa Al Asala
9600001;;;;321;;;;;;Al-Basatin Avenue
9600002;;;13;;;;;;;Capital Avenue - Qirawan
9600003;;;;;;;;;;Al Hada Avenue
9600004;;;;116;;;;;;Diriyah Avenue
9700001;;;;;;;;;;Mashaeil Al Fursan
9800001;;;;;;;;;;Jadah 45
9800002;;;;;;;;;;Jadah 44
9800003;;;;;;;;;;Jadah 46
9900001;;;;;;;;;;Maheer 11
9900002;;;;54;;;;;;Maheer 12
9900003;;;;;;;;;;Maheer 13
9900004;;;;;;;;;;Maheer 14
9900005;;;;;;;;;;Maheer 15
9900006;;;;63;;;;;;Maheer 16
9900007;;;;;;;;;;Maheer 17
9900008;;;;2;;;;;;Maheer 19
10000001;;;3;12;425;;;;;View Al Murjan
10000002;;;;;;;;;;View Al Munsiyya
10100001;;;;29;;;;;;Najd Palm Residence (King Faisal District)
10100002;;;;18;;;;;;Najd Palm Residence Al-Khalij
10100003;;;;;;;;;;Najd Palm Residence (Residential Apartments & Penthouses) – Al-Nahda District
10200001;;;;;;;;;;Rasen Villas
10200002;;;;;;;;;;#ССЫЛКА!
0;;;;;;;;;;Canary 015 Residential
0;;;;;;;;;;Canary 018 Al Muadhar
10400001;;;3;36;246;;;;;Al Ghosoun
10400002;;;4;43;130;;;;;Al Farouq
10400003;;;4;72;140;;;;;City Gate
10500001;;;;;;;;;;North Walk
10500002;;;;12;;;;;;Tarfa 7
10500003;;;;11;;;;;;Tarfa 6
10600001;21085;;;72;;;;;;Project Details Al Narjis
10600002;22597;;;;;;;;;Project Details Al Munsiyah
10700001;;;3;28;;;;;;Najd 2
10700002;;;3;87;;;;;;Najd 3
10700003;;;4;146;;;;;;Najd 4
10700004;;;;;;;;;;Najd 5
10800001;;;;;;;;;;The Future
10800002;;;;;;;;;;Al Zuhra
10800003;;;;;;;;;;0
10800004;;;;;;;;;;Grove
10800005;;;;;;;;;;Al Daar
0;;;;;;;;;;Badr Residence
0;;;4;26;;;;;;0
0;;;4;61;;;;;;0
11000001;;;;130;;;;;;Mashariq 1 Project
11000002;;;;164;;;;;;Mashariq 2 Project
11000003;;;;42;;;;;;Mashariq 4 Project
11100001;;;;;;;;;;Banan
11200001;;;;23;;;;;;JAX Clusters
11200002;;;;12;;;;;;Al Munsiyah Clusters
11300001;;;;;;;;;;Tam 1
11300002;;;;;;;;;;Tam 2
11300003;;;;;;;;;;Tam 3
11300004;;;;;;;;;;Tam 4
11400001;;;3;488;;;;;;Nafah
11400002;;;3;625;331;;;;;Al Athbah
11500001;;;;12;;;;;;Valley
11500002;;;;11;;;;;;Uns
0;;;;23;;;;;;0
0;;;;29;;;;;;0
0;;;22;49;91;;;;;Malfa Residential Tower
0;;;;6;;;;;;0
0;;;;4;;;;;;0
0;;;;16;;;;;;0
11900001;;;9;23;;;;;;Reef Apartment 46, Al Muhammadiyah District
11900002;;;;22;;;;;;Reef Townhouse 47, Al-Arid District
0;;;;357;;;;;;Navar
3600002;;;;18;;;;;;IQONIC Tower
3600003;;;;48;;;;;;Jasmine Residence
6000001;;;;;;;;;;Corinthians
6000002;;;;;;;;;;Armani Residences Diriyah
6000003;;;;;;;;;;Raffles Residences Diriyah
6000004;;;;;;;;;;The Oberoi Residences Wadi Safar
6000005;;;;;;;;;;The Ritz-Carlton Residences Signature Collection, Diriyah
6000006;;;;;;;;;;Bakara Residences Diriyah
6000007;;;;;;;;;;Aman Summer Residences Wadi Safar
6000008;;;;;;;;;;Chedi Residences Wadi Safar
6000009;;;;;;;;;;Diriyah Square
6000010;;;;;;;;;;Jabal Al-Qurain Avenue
6000011;;;;;;;;;;Fayina Residences Wadi Safar
6000012;;;;;;;;;;Gate Offices
6000013;;;;;;;;;;The Ritz-Carlton Diriyah
6000014;;;;;;;;;;Al-Hadawi Houses
2100001;;;3;;;;;31.12.2027;100%;Neptune
2100002;;;;;;;;;;Rayana
2100003;;;;;;;;;;Trump Plaza
2100004;;;;;;;;;;Amaya
2100005;;;;;;;;;;Trump Tower
200012;;;;;;;;;;Al Majdiah 1
200013;;;;;;;;;;Al Majdiah 2
200014;;;;;;;;;;Al Majdiah 3
200015;;;;;;;;;;Al Majdiah 4
200016;;;;;;;;;;Al Majdiah 5
200017;;;;;;;;;;Al Majdiah 6
200018;;;;;;;;;;Al Majdiah 7
200019;;;;;;;;;;Al Majdiah 8
200020;;;;;;;;;;Al Majdiah 9
200021;;;;;;;;;;Al Majdiah 10
200022;;;;;;;;;;Al Majdiah 11
200023;;;;;;;;;;Al Majdiah 12
200024;;;;;;;;;;Al Majdiah 13
200025;;;;;;;;;;Al Majdiah 15
200026;;;;;;;;;;Al Majdiah 16
200027;;;;;;;;;;Al Majdiah 17
200028;;;;;;;;;;Al Majdiah 18
200029;;;;;;;;;;Al Majdiah 19
200030;;;;;;;;;;Al Majdiah 20
200031;;;;;;;;;;Al Majdiah 21
200032;;;;;;;;;;Al Majdiah 22
200033;;;;;;;;;;Al Majdiah 24
200034;;;;;;;;;;Al Majdiah 25
200035;;;;;;;;;;Al Majdiah 27
200036;;;;;;;;;;Al Majdiah 28
200037;;;;;;;;;;Al Majdiah 29
200038;;;;;;;;;;Al Majdiah 30
200039;;;;;;;;;;Al Majdiah 31
200040;;;;;;;;;;Al Majdiah 32
200041;;;;;;;;;;Al Majdiah 33
200042;;;;;;;;;;Al Majdiah 34
200043;;;;;;;;;;Al Majdiah 35
200044;;;;;;;;;;Al Majdiah 36
200045;;;;;;;;;;Al Majdiah 37
200046;;;;;;;;;;Al Majdiah 38
200047;;;;;;;;;;Al Majdiah 39
200048;;;;;;;;;;Al Majdiah 40
200049;;;;;;;;;;Al Majdiah 41
200050;;;;;;;;;;Al Majdiah 42
200051;;;;;;;;;;Al Majdiah 43
200052;;;;;;;;;;Al Majdiah 44
200053;;;;;;;;;;Al Majdiah 45
200054;;;;;;;;;;Al Majdiah 46
200055;;;;;;;;;;Al Majdiah 47
200056;;;;;;;;;;Al Majdiah 48
200057;;;;;;;;;;Al Majdiah 49
200058;;;;;;;;;;Al Majdiah 50
200059;;;;;;;;;;Al Majdiah 50
200060;;;;;;;;;;Al Majdiah 51
200061;;;;;;;;;;Al Majdiah 52
200062;;;;;;;;;;Al Majdiah 53
200063;;;;;;;;;;Al Majdiah 54
200064;;;;;;;;;;Al Majdiah 55
200065;;;;;;;;;;Al Majdiah 56
200066;;;;;;;;;;Al Majdiah 57
200067;;;;;;;;;;Al Majdiah 58
200068;;;;;;;;;;Al Majdiah 59
200069;;;;;;;;;;Al Majdiah 60
200070;;;;;;;;;;Al Majdiah 61
200071;;;;;;;;;;Al Majdiah 62
200072;;;;;;;;;;Al Majdiah 63
200073;;;;;;;;;;Al Majdiah 65
200074;;;;;;;;;;Al Majdiah 66
200075;;;;;;;;;;Al Majdiah 67
200076;;;;;;;;;;Al Majdiah 68
200077;;;;;;;;;;Al Majdiah 69
200078;;;;;;;;;;Al Majdiah 70
200079;;;;;;;;;;Al Majdiah 71
200080;;;;;;;;;;Al Majdiah 72
200081;;;;;;;;;;Al Majdiah 73
200082;;;;;;;;;;Al Majdiah 74
200083;;;;;;;;;;Al Majdiah 75
200084;;;;;;;;;;Al Majdiah 76
200085;;;;;;;;;;Al Majdiah 77
200086;;;;;;;;;;Al Majdiah 78
200087;;;;;;;;;;Al Majdiah 80
200088;;;;;;;;;;Al Majdiah 81
200089;;;;;;;;;;Al Majdiah 82
200090;;;;;;;;;;Al Majdiah 83
200091;;;;;;;;;;Al Majdiah 84
200092;;;;;;;;;;Al Majdiah 85
200093;;;;;;;;;;Al Majdiah 86
200094;;;;;;;;;;Al Majdiah 87
200095;;;;;;;;;;Al Majdiah 88
200096;;;;;;;;;;Al Majdiah 89
200097;;;;;;;;;;Al Majdiah 90
200098;;;;;;;;;;Al Majdiah 91
200099;;;;;;;;;;Al Majdiah 92
200100;;;;;;;;;;Al Majdiah 93
200101;;;;;;;;;;Al Majdiah 94
200102;;;;;;;;;;Al Majdiah 95
200103;;;;;;;;;;Al Majdiah 96
200104;;;;;;;;;;Al Majdiah 97
200105;;;;;;;;;;Al Majdiah 98
200106;;;;;;;;;;Al Majdiah 99
200107;;;;;;;;;;Al Majdiah 100
200108;;;;;;;;;;Al Majdiah 102
200109;;;;;;;;;;Al Majdiah 103
200110;;;;;;;;;;Al Majdiah 104
200111;;;;;;;;;;Al Majdiah 105
200112;;;;;;;;;;Al Majdiah 106
200113;;;;;;;;;;Al Majdiah 107
200114;;;;;;;;;;Al Majdiah 108
200115;;;;;;;;;;Al Majdiah 109
200116;;;;;;;;;;Al Majdiah 110
200117;;;;;;;;;;Al Majdiah 111
200118;;;;;;;;;;Al Majdiah 112
200119;;;;;;;;;;Al Majdiah 113
200120;;;;;;;;;;Al Majdiah 115
200121;;;;;;;;;;Al Majdiah 116
200122;;;;;;;;;;Al Majdiah 117
200123;;;;;;;;;;Al Majdiah 119
200124;;;;;;;;;;Al Majdiah 120
200125;;;;;;;;;;Al Majdiah 121
200126;;;;;;;;;;Al Majdiah 122
200127;;;;;;;;;;Al Majdiah 123
200128;;;;;;;;;;Al Majdiah 125
200129;;;;;;;;;;Al Majdiah 127
200130;;;;;;;;;;Al Majdiah 128
200131;;;;;;;;;;Al Majdiah 129
200132;;;;;;;;;;Al Majdiah 130
200133;;;;;;;;;;Al Majdiah 131
200134;;;;;;;;;;Al Majdiah 132
200135;;;;;;;;;;Al Majdiah 133
200136;;;;;;;;;;Al Majdiah 134
200137;;;;;;;;;;Al Majdiah 135
200138;;;;;;;;;;Al Majdiah 137
200139;;;;;;;;;;Al Majdiah 138
200140;;;;;;;;;;Al Majdiah 139
200141;;;;;;;;;;Al Majdiah 140
200142;;;;;;;;;;Al Majdiah 142
200143;;;;;;;;;;Al Majdiah 143
200144;;;;;;;;;;Al Majdiah 144
200145;;;;;;;;;;Al Majdiah 145
200146;;;;;;;;;;Al Majdiah 146
200147;;;;;;;;;;Al Majdiah 147
200148;;;;;;;;;;Al Majdiah 150
200149;;;;;;;;;;Al Majdiah 155
200150;;;;;;;;;;Al Majdiah 156
200151;;;;;;;;;;Al Majdiah 160
200152;;;;;;;;;;Al Majdiah 163
200153;;;;;;;;;;Al Majdiah Village
200154;;;;;;;;;;Derwaza
200155;;;;;;;;;;Majaz
200156;;;;;;;;;;Al Majdiah Residence
200157;;;;;;;;;;Sarh
200158;;;;;;;;;;Sadu
200159;;;;;;;;;;Rawaq Business
200160;;;;;;;;;;Adeem Alfursan
200161;;;;;;;;;;Jazeel
200162;;;;;;;;;;Qarar
1100007;;;;;;;;;;Safa 1
1100008;;;;;;;;;;Safa 2
1100009;;;;;;;;;;Safa 5
1100010;;;;;;;;;;Safa 7
1100011;;;;;;;;;;Safa 8
1100012;;;;;;;;;;Safa 9
1100013;;;;;;;;;;Safa 11
1100014;;;;;;;;;;Safa 12
1100015;;;;;;;;;;Safa 15
1100016;;;;;;;;;;Safa 19
1100017;;;;;;;;;;Safa 20
1100018;;;;;;;;;;Safa 21
1100019;;;;;;;;;;Safa 28
1100020;;;;;;;;;;Safa 40
1100021;;;;;;;;;;Safa 46
1100022;;;;;;;;;;Safa 47
1100023;;;;;;;;;;Safa 50
1100024;;;;;;;;;;Safa 51
1100025;;;;;;;;;;Safa 52
1100026;;;;;;;;;;Safa 53
1100027;;;;;;;;;;Safa 55
1100028;;;;;;;;;;Safa 59
1100029;;;;;;;;;;Safa 60
1100030;;;;;;;;;;Safa 63
1100031;;;;;;;;;;Safa 65
1100032;;;;;;;;;;Safa 69
1100033;;;;;;;;;;Safa 70
1100034;;;;;;;;;;Safa 71
1100035;;;;;;;;;;Safa 72
1100036;;;;;;;;;;Safa 73
1100037;;;;;;;;;;Safa 74
1100038;;;;;;;;;;Safa 76
1100039;;;;;;;;;;Safa 77
1100040;;;;;;;;;;Safa 81
1100041;;;;;;;;;;Safa 83
1100042;;;;;;;;;;Safa 84
1500004;;;;435;;;;;;North View
1500005;;;;1200;;;;;;Zood Al Narjis
1500006;;;;;;;;;;Elite
300003;;;;;;;;;;Greeenfields
300004;;;;;;;;;;Turquoise Villas 3
300005;;;;;;;;;;Rosa Villa 2
300006;;;;;;;;;;Aurora villas
300007;;;;;;;;;;Ara Residences
300008;;;;;;;;;;Vega Residence
300009;;;;;;;;;;Offices zone
300010;;;;;;;;;;Durar al Layali
300011;;;;;;;;;;Array Suites
300012;;;;;;;;;;Evia Villas
300013;;;;;;;;;;Indigo Villas
300014;;;;;;;;;;Jasmin Villas
300015;;;;;;;;;;Campus
300016;;;;;;;;;;First Projects Homes
1400001;;;;;;;;;;Al Ajlan Riviera 1
1400002;;;;;;;;;;Al Ajlan Riviera 2
1400003;;;;;;;;;;Al Ajlan Riviera 3
1400004;;;;;;;;;;Al Ajlan Riviera 4
1400005;;;;;;;;;;Al Ajlan Riviera 5
1400006;;;;;;;;;;Al Ajlan Riviera 7
1400007;;;;;;;;;;Al Ajlan Riviera 9
1400008;;;;;;;;;;Al Ajlan Riviera 10
1400009;;;;;;;;;;Al Ajlan Riviera 11
1400010;;;;;;;;;;Al Ajlan Riviera 12
1400011;;;;;;;;;;Al Ajlan Riviera 15
1400012;;;;;;;;;;Al Ajlan Riviera 16
1400013;;;;;;;;;;Al Ajlan Riviera 17
1400014;;;;;;;;;;Al Ajlan Riviera 18
1400015;;;;;;;;;;Al Ajlan Riviera 19
1400016;;;;;;;;;;Al Ajlan Riviera 20
1400017;;;;;;;;;;Al Ajlan Riviera 22
1400018;;;;;;;;;;Al Ajlan Riviera 24
1400019;;;;;;;;;;Al Ajlan Riviera 25
1400020;;;;;;;;;;Al Ajlan Riviera 26
1400021;;;;;;;;;;Al Ajlan Riviera 29
1400022;;;;;;;;;;Al Ajlan Riviera 31
1400023;;;;;;;;;;Al Ajlan Riviera 32
1400024;;;;;;;;;;Al Ajlan Riviera 33
1400025;;;;;;;;;;Al Ajlan Riviera 34
1400026;;;;;;;;;;Al Ajlan Riviera 35
1400027;;;;;;;;;;Al Ajlan Riviera 36
1400028;;;;;;;;;;Al Ajlan Riviera 37
1400029;;;;;;;;;;Al Ajlan Riviera 38
1400030;;;;;;;;;;Al Ajlan Riviera 39
1400031;;;;;;;;;;Al Ajlan Riviera 40
1400032;;;;;;;;;;Al Ajlan Riviera 41
1400033;;;;;;;;;;Al Ajlan Riviera 42
1400034;;;;;;;;;;Al Ajlan Riviera 43
1400035;;;;;;;;;;Al Ajlan Riviera 44
1400036;;;;;;;;;;Al Ajlan Riviera 45
1400037;;;;;;;;;;Al Ajlan Riviera 46
1400038;;;;;;;;;;Al Ajlan Riviera 47
1400039;;;;;;;;;;Al Ajlan Riviera 48
1400040;;;;;;;;;;Al Ajlan Riviera 49
1400041;;;;;;;;;;Al Ajlan Riviera 50
1400042;;;;;;;;;;Al Ajlan Riviera 51
1400043;;;;;;;;;;Al Ajlan Riviera 52
1400044;;;;;;;;;;Al Ajlan Riviera 54
1400045;;;;;;;;;;Al Ajlan Riviera 57
4800009;;;;;;;;;;Wakan 1
4800010;;;;;;;;;;Wakan 2
4800011;;;;;;;;;;Wakan 4
4800012;;;;;;;;;;Wakan 5
4800013;;;;;;;;;;Wakan 7
4800014;;;;;;;;;;Wakan 8
4800015;;;;;;;;;;Wakan 9
4800016;;;;;;;;;;Wakan 10
4800017;;;;;;;;;;Wakan 12
4800018;;;;;;;;;;Wakan 14
4800019;;;;;;;;;;Wakan 16
4800020;;;;;;;;;;Wakan 17
4800021;;;;;;;;;;Wakan 18
4800022;;;;;;;;;;Wakan 19
4800023;;;;;;;;;;Wakan 20
4800024;;;;;;;;;;Wakan 21
4800025;;;;;;;;;;Wakan 22
4800026;;;;;;;;;;Wakan 23
4800027;;;;;;;;;;Wakan 22
4800028;;;;;;;;;;Wakan 24
4800029;;;;;;;;;;Wakan 25
4800030;;;;;;;;;;Wakan 26
4800031;;;;;;;;;;Wakan 28
4800032;;;;;;;;;;Wakan 29
4800033;;;;;;;;;;Wakan 30
4800034;;;;;;;;;;Wakan 33
4800035;;;;;;;;;;Wakan 34
4800036;;;;;;;;;;Wakan 34
4800037;;;;;;;;;;Wakan 35
4800038;;;;;;;;;;Wakan 36
4800039;;;;;;;;;;Wakan 37
400008;;;;;;;;;;Osus Housing Mersia
400009;;;;;;;;;;Osus Houseing Sada
400010;;;;;;;;;;Osus Housing Al-Monsia
400011;;;;;;;;;;Osus Al Murjan 1
400012;;;;;;;;;;Osus Al Murjan 2
400013;;;;;;;;;;Osus Domain
400014;;;;;;;;;;Anas Bin Malek Mall
400015;;;;;;;;;;OD Tower
400016;;;;;;;;;;OD Plaza I
400017;;;;;;;;;;OD Plaza II
400018;;;;;;;;;;OD Office I
400019;;;;;;;;;;OD Office II
1900001;;;;;;;;;;Al Nayfah
1900002;;;;;;;;;;Marvela
1900003;;;;;;;;;;Pavilions
1900004;;;;;;;;;;Rafal Village Tower
2700010;;;;;;;;;;Infinity (Mobtakeron)
2700011;;;;;;;;;;Park View (Mobtakeron)
2700012;;;;;;;;;;Riyadh Lux (Mobtakeron)
5800001;;;;;;;;;;Damac Towers
1900005;;;;;;;;;;Burj Rafal
1900006;;;;;;;;;;Rafal Residence
1900007;;;;;;;;;;Rafal Alegria
1900008;;;;;;;;;;Balancia Compound
1900009;;;;;;;;;;Al Rabia
3900002;;;;;;;;;;Naya Core Tower
800001;;;;;;;;;;Al Dhahia
800002;;;;;;;;;;Al Akaria Park
800003;;;;;;;;;;La Casa
800004;;;;;;;;;;Al Akaria Plaza
800005;;;;;;;;;;Al Akaria 2
800006;;;;;;;;;;Al Akaria 3
800007;;;;;;;;;;Olaya Oasis Compound
800008;;;;;;;;;;Fai Sedra
800009;;;;;;;;;;Sitteen
800010;;;;;;;;;;Reef
800011;;;;;;;;;;Tilal Mixed-Use Commercial Centre
5500001;;;;;;;;;;Majd Al Munsiyah Project
5500002;;;;;;;;;;Majd Qurtubah Project
5500003;;;;;;;;;;Majd 39 Project
5500004;;;;;;;;;;Majd 40 Project
5500005;;;;;;;;;;Majd 41 Compound
5500006;;;;;;;;;;Majd Al Narjis Project
5500007;;;;;;;;;;Smart Home Project
5500008;;;;;;;;;;Majd Tower
5500009;;;;;;;;;;Ishbiliyah Business Center
5500010;;;;;;;;;;Jawharat Al Rimal Plan
5500011;;;;;;;;;;Majd Glory 3
5500012;;;;;;;;;;Majd 4
5500013;;;;;;;;;;Majd Glory 5
5500014;;;;;;;;;;Majd Glory 6
9800004;;;;;;;;;;Jadah 31
9800005;;;;;;;;;;Jadah 32
9800006;;;;;;;;;;Jadah 33
9800007;;;;;;;;;;Jadah 34
9800008;;;;;;;;;;Jadah 35
9800009;;;;;;;;;;Jadah 36
9800010;;;;;;;;;;Jadah 37
9800011;;;;;;;;;;Jadah 38
9800012;;;;;;;;;;Jadah 39
9800013;;;;;;;;;;Jadah 40
9800014;;;;;;;;;;Jadah 41
9800015;;;;;;;;;;Jadah 42
9800016;;;;;;;;;;Jadah 43
1700001;;;;;;;;;;Aress Compound
1700002;;;;;;;;;;Al Soliman Business Compound
1700003;;;;;;;;;;Al Soliman Blue Dar Compound 129
1700004;;;;;;;;;;Al Soliman Blue Dar Compound 130
1700005;;;;;;;;;;Al Soliman Blue Dar Compound 134
6200007;;;;;;;;;;Makeen 30
6200008;;;;;;;;;;Makeen 31
6200009;;;;;;;;;;Makeen 32
6200010;;;;;;;;;;Makeen 34
6200011;;;;;;;;;;Makeen 35
6200012;;;;;;;;;;Makeen 36
6200013;;;;;;;;;;Makeen 37
6200014;;;;;;;;;;Makeen 38
6200015;;;;;;;;;;Makeen 39
6200016;;;;;;;;;;Makeen 42
6200017;;;;;;;;;;Makeen 46
6200018;;;;;;;;;;Makeen 47
6200019;;;;;;;;;;Makeen 48
6200020;;;;;;;;;;Makeen 50
6200021;;;;;;;;;;Makeen Square 51
6200022;;;;;;;;;;Makeen 52
6200023;;;;;;;;;;Makeen 54
6200024;;;;;;;;;;Makeen 56
6200025;;;;;;;;;;Makeen 57
6200026;;;;;;;;;;Makeen 59
6200027;;;;;;;;;;Makeen 28
6200028;;;;;;;;;;Makeen 27
6200029;;;;;;;;;;Makeen 26
6200030;;;;;;;;;;Makeen 25
6200031;;;;;;;;;;Makeen 24
6200032;;;;;;;;;;Makeen 19
6200033;;;;;;;;;;Makeen 18
6200034;;;;;;;;;;Makeen 17
6200035;;;;;;;;;;Makeen 15
6200036;;;;;;;;;;Makeen 13
6200037;;;;;;;;;;Makeen 12
500002;;;;;;;;;;Jawharat AlRamz
500003;;;;;;;;;;Tal Alrimal 1 & 2
500004;;;;;;;;;;Rafd Office Community
500005;;;;;;;;;;Ramz 19
500006;;;;;;;;;;Ramz 21
500007;;;;;;;;;;Ramz 23
500008;;;;;;;;;;Ramz 24
500009;;;;;;;;;;Ramz 25
500010;;;;;;;;;;Ramz 26
500011;;;;;;;;;;Ramz 29
500012;;;;;;;;;;Ramz 30
500013;;;;;;;;;;Ramz 31
500014;;;;;;;;;;Ramz 33
500015;;;;;;;;;;Ramz 35
500016;;;;;;;;;;Ramz 36
500017;;;;;;;;;;Ramz 37
500018;;;;;;;;;;Ramz 41
500019;;;;;;;;;;Ramz 48
500020;;;;;;;;;;Stone Complex
500021;;;;;;;;;;Ramz Faseelah Square
500022;;;;;;;;;;Al Ramz Office Tower
500023;;;;;;;;;;Al Ramz Sadeem
500024;;;;;;;;;;Al Ramz Jadeel Floors
500025;;;;;;;;;;Al Ramz Sadeem Villas
500026;;;;;;;;;;Office Community
9300002;;;;;;;;;;Ishraqa 01
9300003;;;;;;;;;;Ishraqa 03
9300004;;;;;;;;;;Israqa Villas 04
9300005;;;;;;;;;;Ishraqa 5
9300006;;;;;;;;;;Ishraqa 6
9300007;;;;;;;;;;Ishraqa Villas 07
9300008;;;;;;;;;;Ishraqa Apartments  07
9300009;;;;;;;;;;Ishraqa 8
9300010;;;;;;;;;;Ishraqa 9
9300011;;;;;;;;;;Ishraqa 10
9300012;;;;;;;;;;Israqa Villas 11
9300013;;;;;;;;;;Ishraqa 12
9300014;;;;;;;;;;Ishraqa 13
9300015;;;;;;;;;;Ishraqa 15
12200001;;;;;;;;;;Magna 1
12200002;;;;;;;;;;Magna 1
12200003;;;;;;;;;;Magna 3
12200004;;;;;;;;;;Magna 4
12200005;;;;;;;;;;Magna 2
12200006;;;;;;;;;;Magna 5
12200007;;;;;;;;;;Magna 6
12200008;;;;;;;;;;Magna 8
12200009;;;;;;;;;;Magna 23
12200010;;;;;;;;;;Magna 24
12200011;;;;;;;;;;Magna 25
12200012;;;;;;;;;;Magna 26
12200013;;;;;;;;;;Magna 28
12200014;;;;;;;;;;Magna 30
12200015;;;;;;;;;;Magna 32
12200016;;;;;;;;;;Magna 33
12200017;;;;;;;;;;Magna 35
12200018;;;;;;;;;;Magna 39
12200019;;;;;;;;;;Magna 41
12200020;;;;;;;;;;Magna 42
12200021;;;;;;;;;;Magna 43
12200022;;;;;;;;;;Magna 45
12200023;;;;;;;;;;Magna 47
12200024;;;;;;;;;;Magna 48
12200025;;;;;;;;;;Magna 61
12200026;;;;;;;;;;Magna 63
12200027;;;;;;;;;;Magna 64
12200028;;;;;;;;;;Magna 67
12200029;;;;;;;;;;Magna 68
12200030;;;;;;;;;;Magna 69
12200031;;;;;;;;;;Magna 71
12200032;;;;;;;;;;Magna 72
12200033;;;;;;;;;;Magna 108 (apart.)
12200034;;;;;;;;;;Magna 108 (villas)
1300007;;;;102;;;;;100%;Asala Residence - Al Nahdah
1300008;;;;30;;;;;100%;Asala Residence - Al Jazeera
1300009;;;;101;;;;;100%;Asala Residence - Al Malqa
1300010;;;;244;;;;;100%;Eyal Riyadh Heights
1300011;263953;;;600;;;;;100%;Asala Al Juwan
1300012;;;;;;;;;;Tura
8000002;;;;;;;;;;Oluo 08
8000003;;;;;;;;;;Oluo 09
8000004;;;;;;;;;;Oluo 10
8000005;;;;;;;;;;Oluo Height 13
8000006;;;;;;;;;;Oluo 14
8000007;;;;;;;;;;Oluo Height 15
8000008;;;;;;;;;;Olou Height 16
8900008;;;;;;;;;;Zan residence
8900009;;;;;;;;;;Bayat Viila 03
8900010;;;;;;;;;;Bayat Villa 04
8900011;;;;;;;;;;Bayat 01
8900012;;;;;;;;;;Bayat 10
8900013;;;;;;;;;;Bayat 11
8900014;;;;;;;;;;Bayat 12
8900015;;;;;;;;;;Bayat 13
8900016;;;;;;;;;;Bayat 15
8900017;;;;;;;;;;Bayat 16
8900018;;;;;;;;;;Bayat 17
8900019;;;;;;;;;;Bayat 18
8900020;;;;;;;;;;Bayat 19
8900021;;;;;;;;;;Bayat 20
8900022;;;;;;;;;;Bayat 21
8900023;;;;;;;;;;Bayat 22
1400046;;;;;;;;;;WATAD Tower
12300001;;;;;;;;;;Sayl 24
12300002;;;;;;;;;;Sayl 25
12300003;;;;;;;;;;Sayl 26
12300004;;;;;;;;;;Sayl 28
12300005;;;;;;;;;;Sayl 31
12300006;;;;;;;;;;Sayl 32
12300007;;;;;;;;;;Sayl 33
12300008;;;;;;;;;;Sayl 34
12300009;;;;;;;;;;Sayl 35
12300010;;;;;;;;;;Sayl 37
5900001;;;;;;;;;;Nassem Khuzam
5900002;;;;;;;;;;Tiraz Avenue
5900003;;;;;;;;;;Tiraz Qutoof
5900004;;;;;;;;;;Tiraz Pavilon
5900005;;;;;;;;;;Tiraz Gardens
5900006;;;;;;;;;;Cave
8400004;;;;;;;;;;Diaar 4
8400005;;;;;;;;;;Diaar 5
8400006;;;;;;;;;;Diaar 6
8400007;;;;;;;;;;Diaar 7
8400008;;;;;;;;;;Diaar 8
8400009;;;;;;;;;;Diaar 9
8400010;;;;;;;;;;Diaar 10
8400011;;;;;;;;;;Diaar 11
8400012;;;;;;;;;;Diaar 12
8400013;;;;;;;;;;Diaar 13
8400014;;;;;;;;;;Diaar 14
8400015;;;;;;;;;;Diaar 15
8400016;;;;;;;;;;Diaar 16
8400017;;;;;;;;;;Diaar 17
8400018;;;;;;;;;;Diaar 18
8400019;;;;;;;;;;Diaar 19
8400020;;;;;;;;;;Diaar 20
8400021;;;;;;;;;;Diaar 21
8400022;;;;;;;;;;Diaar 22
8400023;;;;;;;;;;Diaar 24
8400024;;;;;;;;;;Diaar 25
8400025;;;;;;;;;;Diaar 26
8400026;;;;;;;;;;Diaar 27
8400027;;;;;;;;;;Diaar 28
8400028;;;;;;;;;;Diaar 29
4500002;;;;;;;;;;Calma 10
4500003;;;;;;;;;;Calma 11
4500004;;;;;;;;;;Calma JN130
4500005;;;;;;;;;;Calma NR150&NR160
4500006;;;;;;;;;;Calma YS170
4500007;;;;;;;;;;Calma SH90
2600002;;;;;;;;;;Al Olaya Residential Tower
2600003;;;;;;;;;;Al Adwan Residential Tower
2600004;;;;;;;;;;Al Qirawan Building
2600005;;;;;;;;;;Sanam Tower
2600006;;;;;;;;;;Signature
4600002;;;;;;;;;;Sukun Tower
4600003;;;;;;;;;;Jahez
3800002;;;;;;;;;;Jatheer Tower
600001;;;;;;;;;;Elie Saab
600002;;;;;;;;;;Shams
2300003;;;;;;;;;;Palms Villas
2300004;;;;;;;;;;Gardens Villas
2300005;;;;;;;;;;Hills Residential Villas
2300006;;;;;;;;;;Palm View ofiices
2300007;;;;;;;;;;Albasateen Offices
12400001;;;;;;;;;;Khawalid 1
12400002;;;;;;;;;;Khawalid 4
12400003;;;;;;;;;;Khawalid 7
12400004;;;;;;;;;;Khawalid 8
12400005;;;;;;;;;;Khawalid 9
12400006;;;;;;;;;;Khawalid 10
12400007;;;;;;;;;;Khawalid 11
12400008;;;;;;;;;;Khawalid 12
12400009;;;;;;;;;;Khawalid 13
12400010;;;;;;;;;;Khawalid 15
12500001;;;;;;;;;;Sekak Masharef
12500002;;;;;;;;;;Sekak Almuhrah
12500003;;;;;;;;;;Sekak Telala
12500004;;;;;;;;;;Sekak Alghadeer
10700005;;;;;;;;;;Najd One
12600001;;;;;;;;;;Nayan 4845
12600002;;;;;;;;;;Nayan 3832
12600003;;;;;;;;;;Nayan 2909
12600004;;;;;;;;;;Nayan 3569
12600005;;;;;;;;;;Nayan 3299
12600006;;;;;;;;;;Nayan 7580
12600007;;;;;;;;;;Nayan 3794
12600008;;;;;;;;;;Nayan 3839
12600009;;;;;;;;;;Nayan 2880
12600010;;;;;;;;;;Nayan 7119
12600011;;;;;;;;;;Nayan 7110
5700001;;;;;;;;;;Alkhoyool 58
5700002;;;;;;;;;;Alkhoyool Sakina 9
5700003;;;;;;;;;;Alkhoyool Uptown
5700004;;;;;;;;;;Alkhoyool Uptown
5700005;;;;;;;;;;Alkhoyool Sakina 10
6100001;;;;;;;;;;U walk
6100002;;;;;;;;;;The View
6100003;;;;;;;;;;Salaam mall
6100004;;;;;;;;;;Tala mall
6100005;;;;;;;;;;Jewel of Riyadh
6100006;;;;;;;;;;Al Nakheel Mall
6100007;;;;;;;;;;Al Hamra Mall
12700001;;;;;;;;;;Garden Tower
12700002;;;;;;;;;;Green Oasis
12700003;;;;;;;;;;Sama
12800001;;;;;;;;;;Valen Tower
12800002;;;;;;;;;;Lumera
12800003;;;;;;;;;;V compound
12100001;;;;;;;;;;Al-Joud COMPLEX 1368
12100002;;;;;;;;;;Dura Aljoud Towers
12100003;;;;;;;;;;1383 COMPLEX
900001;;;;;;;;;;Alasila
900002;;;;;;;;;;Altameer
900003;;;;;;;;;;Sumou park
12900001;;;;;;;;;;Future City & Asdaam project
12900002;;;;;;;;;;Riyadh Grove
12900003;;;;;;;;;;East Gate
12900004;;;;;;;;;;Granada housing scheme
13000001;;;;;;;;;;Antiquity 1
13000002;;;;;;;;;;Antiquity 2
13000003;;;;;;;;;;Antiquity 4
13000004;;;;;;;;;;Mandevilla 9
13000005;;;;;;;;;;Rasf Araqah 11
13000006;;;;;;;;;;Infinity 14
13000007;;;;;;;;;;Infinity 16
13000008;;;;;;;;;;Antiquity 18
13000009;;;;;;;;;;Yard 19
13000010;;;;;;;;;;Mandevilla 20
13000011;;;;;;;;;;Yard 21
13000012;;;;;;;;;;Elite 23 Antiquity
13000013;;;;;;;;;;Elite 24 Antiquity
13000014;;;;;;;;;;Rasf Tower
4000002;;;;;;;;;;Safwat Alnarges
13100001;;;;;;;;;;Business Yard
13100002;;;;;;;;;;LEX
13100003;;;;;;;;;;SKYLINE
13100004;;;;;;;;;;Takamul
13100005;;;;;;;;;;Sigma
13100006;;;;;;;;;;Heyazah Gate
13100007;;;;;;;;;;WAHA Gate
13100008;;;;;;;;;;WAHA Waves
13100009;;;;;;;;;;Heyazah Compound
13100010;;;;;;;;;;Roofs Villas
13100011;;;;;;;;;;S Tower
13100012;;;;;;;;;;Prime Square
13200001;;;27;68;;;;;;Kings Gate
13200002;;;;370;;;;;;Raise
13200003;;;13;68;;;;;;Nawat Rise
13200004;;;26;130;;;;;;Nawat Tower
13200005;;;;;;;;;;Al Badi'ah Center
13200006;;;;;;;;;;Anas ibn Malik Center
13200007;;;;;;;;;;Allia 1
13200008;;;;;;;;;;Rasen Center
13200009;;;;;;;;;;Tuwaiq Center
13200010;;;;;;;;;;Business center
13200011;;;;;;;;;;Trip center
13200012;;;;;;;;;;Center of Excellence
13200013;;;;;;;;;;Palm Center
13200014;;;;;;;;;;Al Sabala Union
13200015;;;;;;;;;;Al Sabala Center
13200016;;;;;;;;;;North Residence
13200017;;;;;;;;;;North Apart
13200018;;;;;;;;;;Allia +
13200019;;;;;;;;;;Stone
13300001;;;;;;;;;;Four Seasons Hotel & Private Residences Jeddah
13300002;;;;;;;;;;Atlantis
13300003;;;;;;;;;;One&Only
6800002;;;;;;;;;;Shetal Tower
6800003;;;;;;;;;;Abyatona Rise
6800004;;;;;;;;;;Abyatona Rivora
9700002;;;;;;;;2029;;Ezdihar Hills
9700003;;;;;;;;;;Ezdihar Park
9700004;;;;;;;;;;Jeddah Cove
#ССЫЛКА!;;;;;;;;;;#ССЫЛКА!
0;;;;;;;;;;0
0;;;;;;;;;;0
0;;;;;;;;;;0
0;;;;;;;;;;0
0;;;;;;;;;;0
0;;;;;;;;;;0
0;;;;;;;;;;0
0;;;;;;;;;;0
0;;;;;;;;;;0
0;;;;;;;;;;0
0;;;;;;;;;;0
0;;;;;;;;;;0
0;;;;;;;;;;0
0;;;;;;;;;;0
0;;;;;;;;;;0
0;;;;;;;;;;0
0;;;;;;;;;;0
0;;;;;;;;;;0
0;;;;;;;;;;0
0;;;;;;;;;;0
0;;;;;;;;;;0
0;;;;;;;;;;0
0;;;;;;;;;;0
0;;;;;;;;;;0
0;;;;;;;;;;0
0;;;;;;;;;;0
0;;;;;;;;;;0
0;;;;;;;;;;0
0;;;;;;;;;;0
0;;;;;;;;;;0
0;;;;;;;;;;0
0;;;;;;;;;;0
0;;;;;;;;;;0
0;;;;;;;;;;0
0;;;;;;;;;;0
0;;;;;;;;;;0
0;;;;;;;;;;0
0;;;;;;;;;;0
0;;;;;;;;;;0
0;;;;;;;;;;0
0;;;;;;;;;;0
0;;;;;;;;;;0
0;;;;;;;;;;0
0;;;;;;;;;;0
0;;;;;;;;;;0
0;;;;;;;;;;0
0;;;;;;;;;;0
0;;;;;;;;;;0
0;;;;;;;;;;0
0;;;;;;;;;;0
;;;;;;;;;;
;;;;;;;;;;
;;;;;;;;;;
;;;;;;;;;;
;;;;;;;;;;
;;;;;;;;;;
;;;;;;;;;;
;;;;;;;;;;
;;;;;;;;;;
;;;;;;;;;;
;;;;;;;;;;
;;;;;;;;;;
;;;;;;;;;;
;;;;;;;;;;
;;;;;;;;;;
;;;;;;;;;;
;;;;;;;;;;
;;;;;;;;;;
;;;;;;;;;;
;;;;;;;;;;
;;;;;;;;;;
;;;;;;;;;;
;;;;;;;;;;
;;;;;;;;;;
;;;;;;;;;;
;;;;;;;;;;
;;;;;;;;;;
;;;;;;;;;;
;;;;;;;;;;
;;;;;;;;;;
;;;;;;;;;;
;;;;;;;;;;
;;;;;;;;;;
;;;;;;;;;;
;;;;;;;;;;
;;;;;;;;;;
;;;;;;;;;;
;;;;;;;;;;
;;;;;;;;;;
;;;;;;;;;;
;;;;;;;;;;
;;;;;;;;;;
;;;;;;;;;;
;;;;;;;;;;
;;;;;;;;;;
;;;;;;;;;;
;;;;;;;;;;
;;;;;;;;;;
;;;;;;;;;;
;;;;;;;;;;
;;;;;;;;;;
;;;;;;;;;;
;;;;;;;;;;
;;;;;;;;;;
;;;;;;;;;;
